pl_name,hostname,hip_name,sy_pnum,sy_dist,disc_year,discoverymethod
"DMPP-8 b","DMPP-8","HIP 100359",1,76.13350000,2026,"Radial Velocity"
"GJ 3138 b","GJ 3138","HIP 10037",3,28.47120000,2017,"Radial Velocity"
"GJ 3138 c","GJ 3138","HIP 10037",3,28.47120000,2017,"Radial Velocity"
"GJ 3138 d","GJ 3138","HIP 10037",3,28.47120000,2017,"Radial Velocity"
"HD 13189 b","HD 13189","HIP 10085",1,497.82300000,2005,"Radial Velocity"
"HIP 10090 b","HIP 10090","HIP 10090",2,82.39370000,2026,"Radial Velocity"
"HIP 10090 c","HIP 10090","HIP 10090",2,82.39370000,2026,"Radial Velocity"
"HD 195019 b","HD 195019","HIP 100970",1,37.66810000,1998,"Radial Velocity"
"TOI-262 b","TOI-262","HIP 10117",1,43.93200000,2023,"Transit"
"KELT-9 b","KELT-9","HIP 101252",1,204.45500000,2017,"Transit"
"GJ 86 b","GJ 86","HIP 10138",1,10.78360000,1999,"Radial Velocity"
"TOI-2211.01","TOI-2211","HIP 101503",1,70.29320000,2024,"Transit"
"HD 196050 b","HD 196050","HIP 101806",1,50.67420000,2002,"Radial Velocity"
"HD 197037 b","HD 197037","HIP 101948",1,33.19440000,2012,"Radial Velocity"
"HD 196885 A b","HD 196885 A","HIP 101966",1,34.16920000,2007,"Radial Velocity"
"HD 196067 b","HD 196067","HIP 102125",2,39.93460000,2012,"Radial Velocity"
"HD 196067 c","HD 196067","HIP 102125",2,39.93460000,2025,"Radial Velocity"
"TOI-5811 B b","TOI-5811 B","HIP 102295",1,170.13500000,2026,"Transit"
"GJ 806 b","GJ 806","HIP 102401",2,12.04450000,2023,"Transit"
"GJ 806 c","GJ 806","HIP 102401",2,12.04450000,2023,"Radial Velocity"
"AU Mic b","AU Mic","HIP 102409",4,9.72210000,2020,"Transit"
"AU Mic c","AU Mic","HIP 102409",4,9.72210000,2021,"Transit"
"AU Mic d","AU Mic","HIP 102409",4,9.72210000,2023,"Transit Timing Variations"
"AU Mic e","AU Mic","HIP 102409",4,9.72210000,2025,"Radial Velocity"
"HD 13808 b","HD 13808","HIP 10301",2,28.23050000,2021,"Radial Velocity"
"HD 13808 c","HD 13808","HIP 10301",2,28.23050000,2021,"Radial Velocity"
"BD-210397 b","BD-210397","HIP 10337",2,23.73240000,2023,"Radial Velocity"
"BD-210397 c","BD-210397","HIP 10337",2,23.73240000,2023,"Radial Velocity"
"18 Del b","18 Del","HIP 103527",1,76.22200000,2008,"Radial Velocity"
"GJ 9714 b","GJ 9714","HIP 103768",1,20.51210000,2022,"Radial Velocity"
"DMPP-9 b","DMPP-9","HIP 104083",1,109.53900000,2026,"Radial Velocity"
"HD 200964 b","HD 200964","HIP 104202",2,72.59220000,2010,"Radial Velocity"
"HD 200964 c","HD 200964","HIP 104202",2,72.59220000,2010,"Radial Velocity"
"HD 199509 b","HD 199509","HIP 104436",1,24.30560000,2022,"Radial Velocity"
"MASCARA-1 b","MASCARA-1","HIP 104513",1,182.27300000,2017,"Transit"
"BD+14 4559 b","BD+14 4559","HIP 104780",1,49.35200000,2009,"Radial Velocity"
"HD 202206 b","HD 202206","HIP 104903",2,45.96650000,2026,"Radial Velocity"
"HD 202206 c","HD 202206","HIP 104903",2,45.96650000,2004,"Radial Velocity"
"HD 202696 b","HD 202696","HIP 105056",2,188.54600000,2019,"Radial Velocity"
"HD 202696 c","HD 202696","HIP 105056",2,188.54600000,2019,"Radial Velocity"
"HD 203030 b","HD 203030","HIP 105232",1,39.25030000,2006,"Imaging"
"HIP 105854 b","HIP 105854","HIP 105854",1,78.63810000,2014,"Radial Velocity"
"HD 204313 b","HD 204313","HIP 106006",3,47.79450000,2010,"Radial Velocity"
"HD 204313 c","HD 204313","HIP 106006",3,47.79450000,2015,"Radial Velocity"
"HD 204313 e","HD 204313","HIP 106006",3,47.79450000,2022,"Radial Velocity"
"TOI-5817 b","TOI-5817","HIP 106097",1,80.75420000,2025,"Transit"
"HD 13931 b","HD 13931","HIP 10626",1,47.39630000,2009,"Radial Velocity"
"HD 204941 b","HD 204941","HIP 106353",1,28.71650000,2011,"Radial Velocity"
"GJ 832 b","GJ 832","HIP 106440",1,4.96435000,2008,"Radial Velocity"
"HD 14067 b","HD 14067","HIP 10657",1,142.02400000,2014,"Radial Velocity"
"HD 205739 b","HD 205739","HIP 106824",1,92.50870000,2008,"Radial Velocity"
"HD 207897 b","HD 207897","HIP 107038",1,28.29380000,2021,"Transit"
"nu Oct A b","nu Oct A","HIP 107089",1,21.19990000,2016,"Radial Velocity"
"HD 206255 b","HD 206255","HIP 107160",1,75.23630000,2019,"Radial Velocity"
"HD 206610 b","HD 206610","HIP 107251",1,147.19200000,2009,"Radial Velocity"
"HN Peg b","HN Peg","HIP 107350",1,18.11860000,2006,"Imaging"
"HD 206893 b","HD 206893","HIP 107412",2,40.75830000,2021,"Imaging"
"HD 206893 c","HD 206893","HIP 107412",2,40.75830000,2022,"Imaging"
"HD 13908 b","HD 13908","HIP 10743",2,79.55150000,2013,"Radial Velocity"
"HD 13908 c","HD 13908","HIP 10743",2,79.55150000,2013,"Radial Velocity"
"BD+05 4868 A b","BD+05 4868 A","HIP 107587",1,43.56870000,2025,"Transit"
"HIP 107772 b","HIP 107772","HIP 107772",1,23.64340000,2020,"Radial Velocity"
"HIP 107773 b","HIP 107773","HIP 107773",1,105.18000000,2015,"Radial Velocity"
"HD 207832 b","HD 207832","HIP 107985",2,58.92910000,2012,"Radial Velocity"
"HD 207832 c","HD 207832","HIP 107985",2,58.92910000,2012,"Radial Velocity"
"HD 12648 b","HD 12648","HIP 10800",1,182.19200000,2015,"Radial Velocity"
"HD 207496 b","HD 207496","HIP 108162 A",1,23.60600000,2023,"Transit"
"HD 208527 b","HD 208527","HIP 108296",1,312.20200000,2012,"Radial Velocity"
"HD 208487 b","HD 208487","HIP 108375",1,45.14700000,2004,"Radial Velocity"
"HD 208897 b","HD 208897","HIP 108513",1,67.48720000,2017,"Radial Velocity"
"HD 209458 b","HD 209458","HIP 108859",1,48.30160000,1999,"Radial Velocity"
"eps Ind A b","eps Ind A","HIP 108870",1,3.63857000,2019,"Radial Velocity"
"HD 210277 b","HD 210277","HIP 109378",1,21.29850000,1998,"Radial Velocity"
"HD 210193 b","HD 210193","HIP 109381",1,42.20290000,2019,"Radial Velocity"
"HIP 109384 b","HIP 109384","HIP 109384",1,58.95820000,2016,"Radial Velocity"
"GJ 849 b","GJ 849","HIP 109388",2,8.80058000,2006,"Radial Velocity"
"GJ 849 c","GJ 849","HIP 109388",2,8.80058000,2014,"Radial Velocity"
"HD 210702 b","HD 210702","HIP 109577",1,54.19630000,2007,"Radial Velocity"
"HIP 109600 b","HIP 109600","HIP 109600",1,66.33610000,2016,"Radial Velocity"
"GJ 9773 b","GJ 9773","HIP 109638",1,15.92110000,2025,"Radial Velocity"
"K2-65 b","K2-65","HIP 109656",1,72.20000000,2016,"Transit"
"HD 211403 b","HD 211403","HIP 109876",1,83.09190000,2021,"Radial Velocity"
"HD 211810 b","HD 211810","HIP 110094",1,64.63530000,2018,"Radial Velocity"
"HD 211970 b","HD 211970","HIP 110443",1,13.12770000,2019,"Radial Velocity"
"GJ 96 b","GJ 96","HIP 11048",1,11.93150000,2018,"Radial Velocity"
"K2-116 b","K2-116","HIP 110620",1,49.38550000,2017,"Transit"
"K2-167 b","K2-167","HIP 110758",1,80.89940000,2018,"Transit"
"HD 212771 b","HD 212771","HIP 110813",1,111.15500000,2009,"Radial Velocity"
"HD 212301 b","HD 212301","HIP 110852",1,54.23040000,2005,"Radial Velocity"
"HD 213472 b","HD 213472","HIP 111136",1,64.45270000,2021,"Radial Velocity"
"HD 213240 b","HD 213240","HIP 111143",1,40.87070000,2001,"Radial Velocity"
"HD 14787 b","HD 14787","HIP 11130",1,119.13700000,2018,"Radial Velocity"
"HD 213885 b","HD 213885","HIP 111553",2,48.08830000,2019,"Transit"
"HD 213885 c","HD 213885","HIP 111553",2,48.08830000,2019,"Radial Velocity"
"HIP 111909 b","HIP 111909","HIP 111909",2,88.07700000,2025,"Radial Velocity"
"HIP 111909 c","HIP 111909","HIP 111909",2,88.07700000,2025,"Radial Velocity"
"HD 214823 b","HD 214823","HIP 111928",1,101.36800000,2016,"Radial Velocity"
"HD 215152 b","HD 215152","HIP 112190",4,21.59740000,2018,"Radial Velocity"
"HD 215152 c","HD 215152","HIP 112190",4,21.59740000,2018,"Radial Velocity"
"HD 215152 d","HD 215152","HIP 112190",4,21.59740000,2018,"Radial Velocity"
"HD 215152 e","HD 215152","HIP 112190",4,21.59740000,2018,"Radial Velocity"
"HD 215497 b","HD 215497","HIP 112441",2,40.54680000,2009,"Radial Velocity"
"HD 215497 c","HD 215497","HIP 112441",2,40.54680000,2009,"Radial Velocity"
"HD 216520 b","HD 216520","HIP 112527",2,19.55200000,2020,"Radial Velocity"
"HD 216520 c","HD 216520","HIP 112527",2,19.55200000,2020,"Radial Velocity"
"GJ 876 b","GJ 876","HIP 113020",4,4.67517000,1998,"Radial Velocity"
"GJ 876 c","GJ 876","HIP 113020",4,4.67517000,2000,"Radial Velocity"
"GJ 876 d","GJ 876","HIP 113020",4,4.67517000,2005,"Radial Velocity"
"GJ 876 e","GJ 876","HIP 113020",4,4.67517000,2010,"Radial Velocity"
"HD 216435 b","HD 216435","HIP 113044",1,32.98340000,2002,"Radial Velocity"
"HIP 113103 b","HIP 113103","HIP 113103",2,46.21220000,2023,"Transit"
"HIP 113103 c","HIP 113103","HIP 113103",2,46.21220000,2023,"Transit"
"HD 216437 b","HD 216437","HIP 113137",1,26.69020000,2002,"Radial Velocity"
"HD 216770 b","HD 216770","HIP 113238",1,36.66250000,2003,"Radial Velocity"
"51 Peg b","51 Peg","HIP 113357",1,15.46140000,1995,"Radial Velocity"
"HD 217107 b","HD 217107","HIP 113421",2,20.06190000,1998,"Radial Velocity"
"HD 217107 c","HD 217107","HIP 113421",2,20.06190000,2005,"Radial Velocity"
"HD 217786 b","HD 217786","HIP 113834",2,55.48470000,2011,"Radial Velocity"
"HD 217786 c","HD 217786","HIP 113834",2,55.48470000,2022,"Radial Velocity"
"WASP-33 b","WASP-33","HIP 11397",1,121.94400000,2010,"Transit"
"GJ 887 b","GJ 887","HIP 114046",4,3.28679000,2020,"Radial Velocity"
"GJ 887 c","GJ 887","HIP 114046",4,3.28679000,2020,"Radial Velocity"
"GJ 887 d","GJ 887","HIP 114046",4,3.28679000,2026,"Radial Velocity"
"GJ 887 e","GJ 887","HIP 114046",4,3.28679000,2026,"Radial Velocity"
"HR 8799 b","HR 8799","HIP 114189",4,41.24410000,2008,"Imaging"
"HR 8799 c","HR 8799","HIP 114189",4,41.24410000,2008,"Imaging"
"HR 8799 d","HR 8799","HIP 114189",4,41.24410000,2008,"Imaging"
"HR 8799 e","HR 8799","HIP 114189",4,41.24410000,2010,"Imaging"
"HD 218566 b","HD 218566","HIP 114322",1,28.82740000,2010,"Radial Velocity"
"HD 15337 b","HD 15337","HIP 11433",2,44.81550000,2019,"Transit"
"HD 15337 c","HD 15337","HIP 11433",2,44.81550000,2019,"Transit"
"HD 219134 b","HD 219134","HIP 114622",6,6.53127000,2015,"Radial Velocity"
"HD 219134 c","HD 219134","HIP 114622",6,6.53127000,2015,"Radial Velocity"
"HD 219134 d","HD 219134","HIP 114622",6,6.53127000,2015,"Radial Velocity"
"HD 219134 f","HD 219134","HIP 114622",6,6.53127000,2015,"Radial Velocity"
"HD 219134 g","HD 219134","HIP 114622",6,6.53127000,2015,"Radial Velocity"
"HD 219134 h","HD 219134","HIP 114622",6,6.53127000,2015,"Radial Velocity"
"HD 219077 b","HD 219077","HIP 114699",1,29.18640000,2012,"Radial Velocity"
"HD 240237 b","HD 240237","HIP 114840",1,933.37700000,2011,"Radial Velocity"
"91 Aqr b","91 Aqr","HIP 114855",1,44.03040000,2013,"Radial Velocity"
"HIP 114933 b","HIP 114933","HIP 114933",1,101.76600000,2021,"Radial Velocity"
"HD 219828 b","HD 219828","HIP 115100",2,73.11400000,2007,"Radial Velocity"
"HD 219828 c","HD 219828","HIP 115100",2,73.11400000,2016,"Radial Velocity"
"L 168-9 b","L 168-9","HIP 115211",1,25.14960000,2020,"Transit"
"HD 220074 b","HD 220074","HIP 115218",1,324.54000000,2012,"Radial Velocity"
"HD 220197 b","HD 220197","HIP 115359",1,64.41100000,2018,"Radial Velocity"
"HD 220689 b","HD 220689","HIP 115662",1,46.87780000,2012,"Radial Velocity"
"HD 220773 b","HD 220773","HIP 115697",1,50.51030000,2011,"Radial Velocity"
"HD 220842 b","HD 220842","HIP 115714",1,64.64980000,2016,"Radial Velocity"
"GJ 9827 b","GJ 9827","HIP 115752",3,29.66100000,2017,"Transit"
"GJ 9827 c","GJ 9827","HIP 115752",3,29.66100000,2017,"Transit"
"GJ 9827 d","GJ 9827","HIP 115752",3,29.66100000,2017,"Transit"
"14 And b","14 And","HIP 116076",1,75.43920000,2008,"Radial Velocity"
"HD 221287 b","HD 221287","HIP 116084",1,55.92310000,2007,"Radial Velocity"
"GJ 896 A b","GJ 896 A","HIP 116132 A",1,6.26022000,2022,"Astrometry"
"HD 221416 b","HD 221416","HIP 116158",1,95.54830000,2019,"Transit"
"HD 221585 b","HD 221585","HIP 116221",1,55.85350000,2016,"Radial Velocity"
"HD 221420 b","HD 221420","HIP 116250",1,31.14150000,2019,"Radial Velocity"
"GJ 900 b","GJ 900 A","HIP 116384",1,20.80650000,2024,"Imaging"
"HIP 116454 b","HIP 116454","HIP 116454",1,62.44910000,2014,"Transit"
"HD 222155 b","HD 222155","HIP 116616",1,50.60780000,2011,"Radial Velocity"
"HD 222076 b","HD 222076","HIP 116630",1,91.15380000,2016,"Radial Velocity"
"gam Cep b","gam Cep","HIP 116727",1,14.10240000,2003,"Radial Velocity"
"HD 222237 b","HD 222237","HIP 116745",1,11.44690000,2024,"Radial Velocity"
"DS Tuc A b","DS Tuc A","HIP 116748 A",1,44.06220000,2019,"Transit"
"kap And b","kap And","HIP 116805",1,50.01770000,2012,"Imaging"
"HD 222582 b","HD 222582","HIP 116906",1,42.15860000,1999,"Radial Velocity"
"TOI-2431 b","TOI-2431","HIP 11707",1,36.05590000,2026,"Transit"
"LTT 9779 b","LTT 9779","HIP 117883",1,80.43730000,2020,"Transit"
"75 Cet b","75 Cet","HIP 11791",2,82.96130000,2012,"Radial Velocity"
"75 Cet c","75 Cet","HIP 11791",2,82.96130000,2023,"Radial Velocity"
"HD 224538 b","HD 224538","HIP 118228",1,79.06080000,2016,"Radial Velocity"
"HD 224693 b","HD 224693","HIP 118319",1,93.50150000,2006,"Radial Velocity"
"GJ 338 B b","GJ 338 B","HIP 120005",1,6.33256000,2020,"Radial Velocity"
"HD 16141 b","HD 16141","HIP 12048",1,37.78610000,2000,"Radial Velocity"
"HD 16417 b","HD 16417","HIP 12186",1,25.39360000,2008,"Radial Velocity"
"HD 16175 b","HD 16175","HIP 12191",1,59.85900000,2009,"Radial Velocity"
"81 Cet b","81 Cet","HIP 12247",1,101.26000000,2008,"Radial Velocity"
"HD 16905 b","HD 16905","HIP 12436",1,39.74010000,2022,"Radial Velocity"
"TOI-2443 b","TOI-2443","HIP 12493",1,23.92580000,2023,"Transit"
"HD 16760 b","HD 16760","HIP 12638",1,50.17561000,2009,"Radial Velocity"
"HR 810 b","HR 810","HIP 12653",1,17.31810000,1999,"Radial Velocity"
"BD+48 740 b","BD+48 740","HIP 12684",1,666.58900000,2018,"Radial Velocity"
"GJ 3021 b","GJ 3021","HIP 1292",1,17.55590000,2000,"Radial Velocity"
"HIP 12961 b","HIP 12961","HIP 12961",1,23.37100000,2010,"Radial Velocity"
"HD 17156 b","HD 17156","HIP 13192",1,78.08630000,2007,"Radial Velocity"
"TOI-4641 b","TOI-4641","HIP 13224",1,86.35010000,2023,"Transit"
"HD 17674 b","HD 17674","HIP 13291",1,44.42640000,2017,"Radial Velocity"
"HR 858 b","HR 858","HIP 13363",3,31.96400000,2019,"Transit"
"HR 858 c","HR 858","HIP 13363",3,31.96400000,2019,"Transit"
"HR 858 d","HR 858","HIP 13363",3,31.96400000,2019,"Transit"
"HD 18015 b","HD 18015","HIP 13467",1,123.80100000,2018,"Radial Velocity"
"HD 18143 b","HD 18143","HIP 13642 A",2,22.52430000,2022,"Radial Velocity"
"HD 18143 c","HD 18143","HIP 13642 A",2,22.52430000,2022,"Radial Velocity"
"HD 18599 b","HD 18599","HIP 13754",1,38.56530000,2022,"Transit"
"HD 18742 b","HD 18742","HIP 13993",1,162.68500000,2011,"Radial Velocity"
"LTT 1445 A b","LTT 1445 A","HIP 14101",2,6.86929000,2019,"Transit"
"LTT 1445 A c","LTT 1445 A","HIP 14101",2,6.86929000,2022,"Transit"
"HD 1397 b","HD 1397","HIP 1419",1,79.57020000,2018,"Transit"
"HD 18438 b","HD 18438","HIP 14417",1,224.14600000,2023,"Radial Velocity"
"HD 20003 b","HD 20003","HIP 14530",2,41.83160000,2019,"Radial Velocity"
"HD 20003 c","HD 20003","HIP 14530",2,41.83160000,2019,"Radial Velocity"
"GJ 15 A b","GJ 15 A","HIP 1475",2,3.56228000,2014,"Radial Velocity"
"GJ 15 A c","GJ 15 A","HIP 1475",2,3.56228000,2018,"Radial Velocity"
"HIP 14810 b","HIP 14810","HIP 14810",3,50.48000000,2005,"Radial Velocity"
"HIP 14810 c","HIP 14810","HIP 14810",3,50.48000000,2006,"Radial Velocity"
"HIP 14810 d","HIP 14810","HIP 14810",3,50.48000000,2009,"Radial Velocity"
"HD 19994 b","HD 19994","HIP 14954",1,22.52420000,2003,"Radial Velocity"
"HD 1461 b","HD 1461","HIP 1499",2,23.45340000,2010,"Radial Velocity"
"HD 1461 c","HD 1461","HIP 1499",2,23.45340000,2015,"Radial Velocity"
"HD 20329 b","HD 20329","HIP 15249",1,63.67960000,2022,"Transit"
"TOI-260 b","TOI-260","HIP 1532",1,20.18520000,2024,"Transit"
"HD 1502 b","HD 1502","HIP 1547",1,190.95300000,2011,"Radial Velocity"
"HD 20794 b","HD 20794","HIP 15510",4,6.00278000,2011,"Radial Velocity"
"HD 20794 d","HD 20794","HIP 15510",4,6.00278000,2011,"Radial Velocity"
"HD 20794 e","HD 20794","HIP 15510",4,6.00278000,2017,"Radial Velocity"
"HD 20794 f","HD 20794","HIP 15510",4,6.00278000,2025,"Radial Velocity"
"HD 20781 b","HD 20781","HIP 15526",5,35.97150000,2019,"Radial Velocity"
"HD 20781 c","HD 20781","HIP 15526",5,35.97150000,2019,"Radial Velocity"
"HD 20781 d","HD 20781","HIP 15526",5,35.97150000,2019,"Radial Velocity"
"HD 20781 e","HD 20781","HIP 15526",5,35.97150000,2019,"Radial Velocity"
"HD 20782 b","HD 20782","HIP 15527",5,35.98640000,2006,"Radial Velocity"
"HD 20868 b","HD 20868","HIP 15578",1,47.72230000,2008,"Radial Velocity"
"TOI-5076 b","TOI-5076","HIP 15683",1,82.85700000,2024,"Transit"
"GJ 3222 b","GJ 3222","HIP 15799",1,18.23817000,2022,"Radial Velocity"
"HD 21411 b","HD 21411","HIP 16012",1,29.13280000,2019,"Radial Velocity"
"HD 21520 b","HD 21520","HIP 16038",1,79.20800000,2024,"Transit"
"GJ 143 b","GJ 143","HIP 16069",2,16.32000000,2019,"Transit"
"HD 21749 c","GJ 143","HIP 16069",2,16.32000000,2019,"Transit"
"HD 21693 b","HD 21693","HIP 16085",2,33.25500000,2019,"Radial Velocity"
"HD 21693 c","HD 21693","HIP 16085",2,33.25500000,2019,"Radial Velocity"
"HD 1605 b","HD 1605","HIP 1640",2,88.80470000,2015,"Radial Velocity"
"HD 1605 c","HD 1605","HIP 1640",2,88.80470000,2015,"Radial Velocity"
"eps Eri b","eps Eri","HIP 16537",1,3.20260000,2000,"Radial Velocity"
"HD 1666 b","HD 1666","HIP 1666",1,117.90800000,2015,"Radial Velocity"
"HD 22496 b","HD 22496","HIP 16711",1,13.59560000,2021,"Radial Velocity"
"HD 1690 b","HD 1690","HIP 1692",1,752.61500000,2010,"Radial Velocity"
"HD 22946 d","HD 22946","HIP 17047",3,62.77920000,2023,"Transit"
"TOI-411 b","HD 22946","HIP 17047",3,62.77920000,2022,"Transit"
"TOI-411 c","HD 22946","HIP 17047",3,62.77920000,2022,"Transit"
"HD 23127 b","HD 23127","HIP 17054",1,93.85550000,2006,"Radial Velocity"
"HD 23079 b","HD 23079","HIP 17096",2,33.45910000,2001,"Radial Velocity"
"HD 23079 c","HD 23079","HIP 17096",2,33.45910000,2025,"Radial Velocity"
"HD 22781 b","HD 22781","HIP 17187",1,32.60340000,2011,"Radial Velocity"
"HD 23472 b","HD 23472","HIP 17264",5,39.03410000,2019,"Transit"
"HD 23472 c","HD 23472","HIP 17264",5,39.03410000,2019,"Transit"
"HD 23472 d","HD 23472","HIP 17264",5,39.03410000,2022,"Transit"
"HD 23472 e","HD 23472","HIP 17264",5,39.03410000,2022,"Transit"
"HD 23472 f","HD 23472","HIP 17264",5,39.03410000,2022,"Transit"
"HD 24085 b","HD 24085","HIP 17515",1,54.90040000,2019,"Radial Velocity"
"TOI-6054.01","TOI-6054","HIP 17540",2,79.40700000,2024,"Transit"
"TOI-6054.02","TOI-6054","HIP 17540",2,79.40700000,2024,"Transit"
"HD 23596 b","HD 23596","HIP 17747",1,52.00180000,2003,"Radial Velocity"
"HD 24040 b","HD 24040","HIP 17960",2,46.62240000,2006,"Radial Velocity"
"HD 24040 c","HD 24040","HIP 17960",2,46.62240000,2021,"Radial Velocity"
"HD 25171 b","HD 25171","HIP 18387",1,55.61460000,2010,"Radial Velocity"
"HD 24064 b","HD 24064","HIP 18451",1,300.24700000,2015,"Radial Velocity"
"HD 25015 b","HD 25015","HIP 18527",1,37.43300000,2019,"Radial Velocity"
"HIP 18606 b","HIP 18606","HIP 18606",1,47.02880000,2025,"Radial Velocity"
"TOI-4602.01","TOI-4602","HIP 18841",1,63.06370000,2024,"Transit"
"HD 25463 b","HD 25463","HIP 18893",2,45.61810000,2023,"Transit"
"HD 25463 c","HD 25463","HIP 18893",2,45.61810000,2023,"Transit"
"HD 25723 b","HD 25723","HIP 19011",1,114.81600000,2020,"Radial Velocity"
"GJ 160.2 b","GJ 160.2","HIP 19165",1,25.85570000,2014,"Radial Velocity"
"HD 284149 AB b","HD 284149 A","HIP 19176",1,117.80700000,2017,"Imaging"
"HD 285507 b","HD 285507","HIP 19207",1,45.02930000,2013,"Radial Velocity"
"HD 2039 b","HD 2039","HIP 1931",1,85.69220000,2002,"Radial Velocity"
"GJ 163 b","GJ 163","HIP 19394",3,15.12850000,2013,"Radial Velocity"
"GJ 163 c","GJ 163","HIP 19394",3,15.12850000,2013,"Radial Velocity"
"GJ 163 d","GJ 163","HIP 19394",3,15.12850000,2013,"Radial Velocity"
"HD 26161 b","HD 26161","HIP 19428",1,40.91280000,2021,"Radial Velocity"
"HD 27442 b","HD 27442","HIP 19921",1,18.27040000,2000,"Radial Velocity"
"TOI-444 b","TOI-444","HIP 19950",1,57.39730000,2023,"Transit"
"HIP 19976 b","HIP 19976","HIP 19976",1,40.27070000,2022,"Radial Velocity"
"HD 27631 b","HD 27631","HIP 20199",1,50.28620000,2012,"Radial Velocity"
"HD 27894 b","HD 27894","HIP 20277",3,43.82140000,2005,"Radial Velocity"
"HD 27894 c","HD 27894","HIP 20277",3,43.82140000,2017,"Radial Velocity"
"HD 27894 d","HD 27894","HIP 20277",3,43.82140000,2017,"Radial Velocity"
"HD 28109 b","HD 28109","HIP 20295",3,139.61100000,2022,"Transit"
"HD 28109 c","HD 28109","HIP 20295",3,139.61100000,2022,"Transit"
"HD 28109 d","HD 28109","HIP 20295",3,139.61100000,2022,"Transit"
"TOI-1683.01","TOI-1683","HIP 20528",1,51.18840000,2024,"Transit"
"HD 28254 b","HD 28254","HIP 20606",1,55.28840000,2010,"Radial Velocity"
"HD 28471 b","HD 28471","HIP 20625",3,43.64550000,2025,"Radial Velocity"
"HD 28471 c","HD 28471","HIP 20625",3,43.64550000,2025,"Radial Velocity"
"HD 28471 d","HD 28471","HIP 20625",3,43.64550000,2025,"Radial Velocity"
"HD 28185 b","HD 28185","HIP 20723",2,39.38090000,2001,"Radial Velocity"
"HD 28185 c","HD 28185","HIP 20723",2,39.38090000,2022,"Radial Velocity"
"HD 27969 b","HD 27969","HIP 20753",1,67.93280000,2021,"Radial Velocity"
"eps Tau b","eps Tau","HIP 20889",1,47.52852000,2006,"Radial Velocity"
"HD 28678 b","HD 28678","HIP 21109",1,189.90800000,2011,"Radial Velocity"
"HIP 21152 b","HIP 21152","HIP 21152",1,43.40730000,2022,"Imaging"
"alf Tau b","alf Tau","HIP 21421",1,20.43320000,2015,"Radial Velocity"
"51 Eri b","51 Eri","HIP 21547",1,29.75750000,2015,"Imaging"
"HD 29021 b","HD 29021","HIP 21571",1,30.99390000,2017,"Radial Velocity"
"HD 30177 b","HD 30177","HIP 21850",2,55.58670000,2002,"Radial Velocity"
"HD 30177 c","HD 30177","HIP 21850",2,55.58670000,2016,"Radial Velocity"
"HD 29985 b","HD 29985","HIP 21865",1,31.27070000,2022,"Radial Velocity"
"HD 285968 b","HD 285968","HIP 21932",1,9.47045000,2008,"Radial Velocity"
"HD 30669 b","HD 30669","HIP 22320",1,58.08440000,2014,"Radial Velocity"
"HD 30562 b","HD 30562","HIP 22336",1,26.15970000,2009,"Radial Velocity"
"BD-17 63 b","BD-17 63","HIP 2247",1,34.46030000,2008,"Radial Velocity"
"HD 30856 b","HD 30856","HIP 22491",1,131.19900000,2011,"Radial Velocity"
"GJ 179 b","GJ 179","HIP 22627",1,12.35600000,2009,"Radial Velocity"
"GJ 180 b","GJ 180","HIP 22762",3,11.94070000,2014,"Radial Velocity"
"GJ 180 c","GJ 180","HIP 22762",3,11.94070000,2014,"Radial Velocity"
"GJ 180 d","GJ 180","HIP 22762",3,11.94070000,2020,"Radial Velocity"
"HD 31253 b","HD 31253","HIP 22826",1,58.14380000,2010,"Radial Velocity"
"HD 31527 b","HD 31527","HIP 22905",3,38.44730000,2019,"Radial Velocity"
"HD 31527 c","HD 31527","HIP 22905",3,38.44730000,2019,"Radial Velocity"
"HD 31527 d","HD 31527","HIP 22905",3,38.44730000,2019,"Radial Velocity"
"HD 2638 b","HD 2638","HIP 2350",1,54.96210000,2005,"Radial Velocity"
"HD 33142 b","HD 33142","HIP 23844",3,121.37500000,2011,"Radial Velocity"
"HD 33142 c","HD 33142","HIP 23844",3,121.37500000,2016,"Radial Velocity"
"HD 33142 d","HD 33142","HIP 23844",3,121.37500000,2022,"Radial Velocity"
"HD 32963 b","HD 32963","HIP 23884",1,38.07860000,2015,"Radial Velocity"
"HD 33283 b","HD 33283","HIP 23889",1,89.86230000,2006,"Radial Velocity"
"HD 32518 b","HD 32518","HIP 24003",1,122.11500000,2009,"Radial Velocity"
"Kapteyn c","Kapteyn","HIP 24186",1,3.93305000,2014,"Radial Velocity"
"HD 33844 b","HD 33844","HIP 24275",2,105.77900000,2015,"Radial Velocity"
"HD 33844 c","HD 33844","HIP 24275",2,105.77900000,2015,"Radial Velocity"
"KELT-7 b","KELT-7","HIP 24323",1,136.68100000,2015,"Transit"
"HD 34445 b","HD 34445","HIP 24681",6,46.09070000,2009,"Radial Velocity"
"HD 34445 c","HD 34445","HIP 24681",6,46.09070000,2017,"Radial Velocity"
"HD 34445 d","HD 34445","HIP 24681",6,46.09070000,2017,"Radial Velocity"
"HD 34445 e","HD 34445","HIP 24681",6,46.09070000,2017,"Radial Velocity"
"HD 34445 f","HD 34445","HIP 24681",6,46.09070000,2017,"Radial Velocity"
"HD 34445 g","HD 34445","HIP 24681",6,46.09070000,2017,"Radial Velocity"
"TOI-128.01","TOI-128","HIP 24718",1,68.47270000,2024,"Transit"
"HD 33564 b","HD 33564","HIP 25110",1,20.95310000,2005,"Radial Velocity"
"HD 290327 b","HD 290327","HIP 25191",1,56.43300000,2009,"Radial Velocity"
"HD 35843 b","HD 35843","HIP 25359",2,69.60260000,2025,"Radial Velocity"
"HD 35843 c","HD 35843","HIP 25359",2,69.60260000,2025,"Transit"
"AF Lep b","AF Lep","HIP 25486",1,26.85640000,2023,"Imaging"
"MWC 758 c","MWC 758","HIP 25793",1,159.53700000,2023,"Imaging"
"HD 35759 b","HD 35759","HIP 25883",1,71.24230000,2016,"Radial Velocity"
"TOI-431 b","TOI-431","HIP 26013",3,32.56860000,2021,"Transit"
"TOI-431 c","TOI-431","HIP 26013",3,32.56860000,2021,"Radial Velocity"
"TOI-431 d","TOI-431","HIP 26013",3,32.56860000,2021,"Transit"
"HD 2952 b","HD 2952","HIP 2611",1,110.10300000,2013,"Radial Velocity"
"HD 38283 b","HD 38283","HIP 26380",1,38.06150000,2010,"Radial Velocity"
"HD 37124 b","HD 37124","HIP 26381",3,31.66340000,2002,"Radial Velocity"
"HD 37124 c","HD 37124","HIP 26381",3,31.66340000,2002,"Radial Velocity"
"HD 37124 d","HD 37124","HIP 26381",3,31.66340000,2005,"Radial Velocity"
"HD 39091 b","HD 39091","HIP 26394",3,18.27020000,2001,"Radial Velocity"
"pi Men c","HD 39091","HIP 26394",3,18.27020000,2018,"Transit"
"pi Men d","HD 39091","HIP 26394",3,18.27020000,2022,"Radial Velocity"
"HD 36384 b","HD 36384","HIP 26638",1,209.30900000,2023,"Radial Velocity"
"HD 37605 b","HD 37605","HIP 26664",2,46.78640000,2004,"Radial Velocity"
"HD 37605 c","HD 37605","HIP 26664",2,46.78640000,2012,"Radial Velocity"
"HD 39194 b","HD 39194","HIP 27080",3,26.41310000,2021,"Radial Velocity"
"HD 39194 c","HD 39194","HIP 27080",3,26.41310000,2021,"Radial Velocity"
"HD 39194 d","HD 39194","HIP 27080",3,26.41310000,2021,"Radial Velocity"
"HD 38529 b","HD 38529","HIP 27253",2,42.35380000,2000,"Radial Velocity"
"HD 38529 c","HD 38529","HIP 27253",2,42.35380000,2000,"Radial Velocity"
"DMPP-1 b","DMPP-1","HIP 27305",4,62.53880000,2019,"Radial Velocity"
"DMPP-1 c","DMPP-1","HIP 27305",4,62.53880000,2019,"Radial Velocity"
"DMPP-1 d","DMPP-1","HIP 27305",4,62.53880000,2019,"Radial Velocity"
"DMPP-1 e","DMPP-1","HIP 27305",4,62.53880000,2019,"Radial Velocity"
"bet Pic b","bet Pic","HIP 27321",3,19.74420000,2008,"Imaging"
"bet Pic c","bet Pic","HIP 27321",3,19.74420000,2019,"Radial Velocity"
"bet Pic d","bet Pic","HIP 27321",3,19.74420000,2026,"Imaging"
"HD 3167 b","HD 3167","HIP 2736",4,47.28990000,2016,"Transit"
"HD 3167 c","HD 3167","HIP 2736",4,47.28990000,2016,"Transit"
"HD 3167 d","HD 3167","HIP 2736",4,47.28990000,2017,"Radial Velocity"
"HD 3167 e","HD 3167","HIP 2736",4,47.28990000,2022,"Radial Velocity"
"HD 38801 b","HD 38801","HIP 27384",1,91.43490000,2009,"Radial Velocity"
"TOI-201 b","TOI-201","HIP 27515",3,113.82500000,2021,"Transit"
"TOI-201 c","TOI-201","HIP 27515",3,113.82500000,2025,"Transit Timing Variations"
"TOI-201 d","TOI-201","HIP 27515",3,113.82500000,2026,"Transit"
"BD-06 1339 b","BD-06 1339","HIP 27803",2,20.26950000,2013,"Radial Velocity"
"BD-06 1339 c","BD-06 1339","HIP 27803",2,20.26950000,2013,"Radial Velocity"
"TOI-480 b","TOI-480","HIP 27849",1,54.53060000,2024,"Transit"
"HD 40307 b","HD 40307","HIP 27887",5,12.93630000,2009,"Radial Velocity"
"HD 40307 c","HD 40307","HIP 27887",5,12.93630000,2009,"Radial Velocity"
"HD 40307 d","HD 40307","HIP 27887",5,12.93630000,2009,"Radial Velocity"
"HD 40307 f","HD 40307","HIP 27887",5,12.93630000,2013,"Radial Velocity"
"HD 40307 g","HD 40307","HIP 27887",5,12.93630000,2013,"Radial Velocity"
"HD 39855 b","HD 39855","HIP 27922 A",1,23.25990000,2019,"Radial Velocity"
"HD 41004 A b","HD 41004 A","HIP 28393 A",2,36.69117000,2004,"Radial Velocity"
"HD 41004 B b","HD 41004 B","HIP 28393 B",2,41.55040000,2003,"Radial Velocity"
"LHS 1815 b","LHS 1815","HIP 28754",1,29.84240000,2020,"Transit"
"HD 40979 b","HD 40979","HIP 28767",1,34.08830000,2002,"Radial Velocity"
"DMPP-3 A b","DMPP-3 A","HIP 28941",1,46.89170000,2019,"Radial Velocity"
"HD 40956 b","HD 40956","HIP 28951",1,116.59300000,2017,"Radial Velocity"
"HD 42012 b","HD 42012","HIP 29242",1,36.79840000,2017,"Radial Velocity"
"GJ 229 A c","GJ 229","HIP 29295",2,5.75624000,2020,"Radial Velocity"
"GJ 229 b","GJ 229","HIP 29295",2,5.75624000,2014,"Radial Velocity"
"KELT-2 A b","KELT-2 A","HIP 29301",1,134.05800000,2012,"Transit"
"HD 42618 b","HD 42618","HIP 29432",1,24.33580000,2016,"Radial Velocity"
"HIP 29442 c","TOI-469","HIP 29442",3,68.19200000,2023,"Radial Velocity"
"HIP 29442 d","TOI-469","HIP 29442",3,68.19200000,2023,"Radial Velocity"
"TOI-469.01","TOI-469","HIP 29442",3,68.19200000,2021,"Transit"
"HD 43197 b","HD 43197","HIP 29550",2,62.41120000,2010,"Radial Velocity"
"HD 43197 c","HD 43197","HIP 29550",2,62.41120000,2022,"Radial Velocity"
"AB Pic b","AB Pic","HIP 30034",1,50.04750000,2005,"Imaging"
"HD 43691 b","HD 43691","HIP 30057",1,85.60090000,2007,"Radial Velocity"
"HD 44219 b","HD 44219","HIP 30114",1,52.90510000,2010,"Radial Velocity"
"HD 45184 b","HD 45184","HIP 30503",2,21.95320000,2019,"Radial Velocity"
"HD 45184 c","HD 45184","HIP 30503",2,21.95320000,2019,"Radial Velocity"
"HD 45364 b","HD 45364","HIP 30579",2,34.35400000,2008,"Radial Velocity"
"HD 45364 c","HD 45364","HIP 30579",2,34.35400000,2008,"Radial Velocity"
"HD 45350 b","HD 45350","HIP 30860",1,46.87330000,2004,"Radial Velocity"
"HD 45652 b","HD 45652","HIP 30905",1,34.85410000,2008,"Radial Velocity"
"HD 3651 b","HD 3651","HIP 3093",1,11.13360000,2003,"Radial Velocity"
"6 Lyn b","6 Lyn","HIP 31039",1,54.65990000,2008,"Radial Velocity"
"HD 46375 b","HD 46375","HIP 31246",1,29.55290000,2000,"Radial Velocity"
"GJ 238 b","GJ 238","HIP 31300",1,15.21420000,2024,"Transit"
"GJ 27.1 b","GJ 27.1","HIP 3143",1,23.60620000,2014,"Radial Velocity"
"HD 47186 b","HD 47186","HIP 31540",2,37.45740000,2008,"Radial Velocity"
"HD 47186 c","HD 47186","HIP 31540",2,37.45740000,2008,"Radial Velocity"
"7 CMa b","7 CMa","HIP 31592",2,19.81010000,2011,"Radial Velocity"
"7 CMa c","7 CMa","HIP 31592",2,19.81010000,2019,"Radial Velocity"
"HD 260655 b","HD 260655","HIP 31635",2,10.00550000,2022,"Transit"
"HD 260655 c","HD 260655","HIP 31635",2,10.00550000,2022,"Transit"
"HD 47366 b","HD 47366","HIP 31674",2,84.35520000,2016,"Radial Velocity"
"HD 47366 c","HD 47366","HIP 31674",2,84.35520000,2016,"Radial Velocity"
"HD 47536 b","HD 47536","HIP 31688",1,122.53600000,2002,"Radial Velocity"
"HD 48265 b","HD 48265","HIP 31895",2,90.54460000,2008,"Radial Velocity"
"HD 48265 c","HD 48265","HIP 31895",2,90.54460000,2026,"Radial Velocity"
"HD 3765 b","HD 3765","HIP 3206",1,17.92600000,2021,"Radial Velocity"
"HAT-P-56 b","HAT-P-56","HIP 32209",1,320.63900000,2015,"Transit"
"HD 48948 b","HD 48948","HIP 32769",3,16.90430000,2024,"Radial Velocity"
"HD 48948 c","HD 48948","HIP 32769",3,16.90430000,2024,"Radial Velocity"
"HD 48948 d","HD 48948","HIP 32769",3,16.90430000,2024,"Radial Velocity"
"HR 2562 b","HR 2562","HIP 32775",1,34.00710000,2016,"Imaging"
"HD 49674 b","HD 49674","HIP 32916",1,43.03990000,2002,"Radial Velocity"
"HD 50499 b","HD 50499","HIP 32970",2,46.28450000,2005,"Radial Velocity"
"HD 50499 c","HD 50499","HIP 32970",2,46.28450000,2019,"Radial Velocity"
"HD 50554 b","HD 50554","HIP 33212",3,31.16640000,2002,"Radial Velocity"
"HD 50554 c","HD 50554","HIP 33212",3,31.16640000,2026,"Transit"
"HD 50554 d","HD 50554","HIP 33212",3,31.16640000,2026,"Transit"
"GJ 251 b","GJ 251","HIP 33226",2,5.58057000,2020,"Radial Velocity"
"GJ 251 c","GJ 251","HIP 33226",2,5.58057000,2025,"Radial Velocity"
"HD 51608 b","HD 51608","HIP 33229",2,35.05530000,2019,"Radial Velocity"
"HD 51608 c","HD 51608","HIP 33229",2,35.05530000,2019,"Radial Velocity"
"HD 52265 b","HD 52265","HIP 33719",1,29.98030000,2000,"Radial Velocity"
"HD 4113 b","HD 4113","HIP 3391",1,41.87270000,2007,"Radial Velocity"
"HIP 34222 b","HIP 34222","HIP 34222",1,22.83860000,2021,"Radial Velocity"
"TOI-5082.01","TOI-5082","HIP 34271",1,43.14060000,2024,"Transit"
"tau Gem b","tau Gem","HIP 34693",1,112.53700000,2013,"Radial Velocity"
"LHS 1903 b","LHS 1903","HIP 34730",4,35.69170000,2026,"Transit"
"LHS 1903 c","LHS 1903","HIP 34730",4,35.69170000,2026,"Transit"
"LHS 1903 d","LHS 1903","HIP 34730",4,35.69170000,2026,"Transit"
"LHS 1903 e","LHS 1903","HIP 34730",4,35.69170000,2026,"Transit"
"GJ 2056 b","GJ 2056","HIP 34785",1,28.44340000,2020,"Radial Velocity"
"HD 4208 b","HD 4208","HIP 3479",1,34.19370000,2001,"Radial Velocity"
"HD 55696 b","HD 55696","HIP 34801",1,77.96930000,2018,"Radial Velocity"
"HD 4308 b","HD 4308","HIP 3497",1,22.01580000,2005,"Radial Velocity"
"HD 4203 b","HD 4203","HIP 3502",2,81.37950000,2001,"Radial Velocity"
"HD 4203 c","HD 4203","HIP 3502",2,81.37950000,2014,"Radial Velocity"
"HIP 35173 b","HIP 35173","HIP 35173",1,33.15620000,2019,"Radial Velocity"
"HD 4313 b","HD 4313","HIP 3574",1,136.30800000,2009,"Radial Velocity"
"HIP 35965 b","HIP 35965","HIP 35965",1,50.16770000,2022,"Radial Velocity"
"GJ 273 b","GJ 273","HIP 36208",2,5.92153500,2017,"Radial Velocity"
"GJ 273 c","GJ 273","HIP 36208",2,5.92153500,2017,"Radial Velocity"
"TOI-1718 b","TOI-1718","HIP 36272",1,52.30440000,2026,"Transit"
"HD 59686 A b","HD 59686 A","HIP 36616",1,89.27210000,2016,"Radial Velocity"
"HD 60532 b","HD 60532","HIP 36795",2,25.97160000,2008,"Radial Velocity"
"HD 60532 c","HD 60532","HIP 36795",2,25.97160000,2008,"Radial Velocity"
"HD 62364 b","HD 62364","HIP 36941",2,53.11200000,2022,"Radial Velocity"
"HD 62364 c","HD 62364","HIP 36941",2,53.11200000,2022,"Radial Velocity"
"TOI-1011 b","TOI-1011","HIP 36964",1,52.62000000,2025,"Transit"
"HD 60779 b","HD 60779","HIP 36976",2,35.44450000,2026,"Transit"
"HD 60779 c","HD 60779","HIP 36976",2,35.44450000,2026,"Radial Velocity"
"HD 60292 b","HD 60292","HIP 37196",1,315.21100000,2020,"Radial Velocity"
"HD 63454 b","HD 63454","HIP 37284",1,37.68940000,2005,"Radial Velocity"
"HD 62509 b","HD 62509","HIP 37826",1,10.34000000,2006,"Radial Velocity"
"HD 63765 b","HD 63765","HIP 38041",1,32.53760000,2011,"Radial Velocity"
"HD 63433 b","HD 63433","HIP 38228",3,22.40350000,2020,"Transit"
"HD 63433 c","HD 63433","HIP 38228",3,22.40350000,2020,"Transit"
"HD 63433 d","HD 63433","HIP 38228",3,22.40350000,2023,"Transit"
"HD 4732 b","HD 4732","HIP 3834",2,54.78410000,2012,"Radial Velocity"
"HD 4732 c","HD 4732","HIP 3834",2,54.78410000,2012,"Radial Velocity"
"HD 63935 b","HD 63935","HIP 38374",2,48.97390000,2021,"Transit"
"HD 63935 c","HD 63935","HIP 38374",2,48.97390000,2021,"Radial Velocity"
"HD 64114 b","HD 64114","HIP 38392",1,31.52620000,2019,"Radial Velocity"
"HD 65216 b","HD 65216","HIP 38558",2,35.12050000,2003,"Radial Velocity"
"HD 65216 c","HD 65216","HIP 38558",2,35.12050000,2013,"Radial Velocity"
"HIP 38594 b","HIP 38594","HIP 38594",2,17.78860000,2020,"Radial Velocity"
"HIP 38594 c","HIP 38594","HIP 38594",2,17.78860000,2020,"Radial Velocity"
"HD 4760 b","HD 4760","HIP 3869",1,537.87300000,2021,"Radial Velocity"
"HIP 39017 b","HIP 39017","HIP 39017",1,66.32170000,2024,"Imaging"
"HD 5278 b","HD 5278","HIP 3911",2,57.58460000,2021,"Transit"
"HD 5278 c","HD 5278","HIP 3911",2,57.58460000,2021,"Radial Velocity"
"DMPP-6 b","DMPP-6","HIP 39242",2,54.63030000,2026,"Radial Velocity"
"DMPP-6 c","DMPP-6","HIP 39242",2,54.63030000,2026,"Radial Velocity"
"HD 66141 b","HD 66141","HIP 39311",1,68.15090000,2012,"Radial Velocity"
"HIP 39330 b","HIP 39330","HIP 39330",1,36.39580000,2026,"Radial Velocity"
"HD 66428 b","HD 66428","HIP 39417",2,53.28170000,2005,"Radial Velocity"
"HD 66428 c","HD 66428","HIP 39417",2,53.28170000,2021,"Radial Velocity"
"HD 68402 b","HD 68402","HIP 39589",1,78.42930000,2016,"Radial Velocity"
"HD 4917 b","HD 4917","HIP 3975",1,204.27700000,2018,"Radial Velocity"
"HD 67087 b","HD 67087","HIP 39767",2,76.52170000,2015,"Radial Velocity"
"HD 67087 c","HD 67087","HIP 39767",2,76.52170000,2015,"Radial Velocity"
"HD 68475 b","HD 68475","HIP 40051",1,33.42970000,2026,"Radial Velocity"
"HD 69123 b","HD 69123","HIP 40344",1,75.11600000,2022,"Radial Velocity"
"bet Cnc b","bet Cnc","HIP 40526",1,89.04720000,2014,"Radial Velocity"
"HD 68988 b","HD 68988","HIP 40687",2,60.84470000,2001,"Radial Velocity"
"HD 68988 c","HD 68988","HIP 40687",2,60.84470000,2021,"Radial Velocity"
"HD 69830 b","HD 69830","HIP 40693",3,12.55910000,2006,"Radial Velocity"
"HD 69830 c","HD 69830","HIP 40693",3,12.55910000,2006,"Radial Velocity"
"HD 69830 d","HD 69830","HIP 40693",3,12.55910000,2006,"Radial Velocity"
"HD 70642 b","HD 70642","HIP 40952",1,29.27600000,2003,"Radial Velocity"
"HIP 41378 b","HIP 41378","HIP 41378",6,106.28900000,2016,"Transit"
"HIP 41378 c","HIP 41378","HIP 41378",6,106.28900000,2016,"Transit"
"HIP 41378 d","HIP 41378","HIP 41378",6,106.28900000,2016,"Transit"
"HIP 41378 e","HIP 41378","HIP 41378",6,106.28900000,2016,"Transit"
"HIP 41378 f","HIP 41378","HIP 41378",6,106.28900000,2016,"Transit"
"HIP 41378 g","HIP 41378","HIP 41378",6,106.28900000,2025,"Radial Velocity"
"omi UMa b","omi UMa","HIP 41704",1,54.91490000,2012,"Radial Velocity"
"HD 72490 b","HD 72490","HIP 41997",1,126.33900000,2018,"Radial Velocity"
"HD 72659 b","HD 72659","HIP 42030",2,51.89490000,2002,"Radial Velocity"
"HD 72659 c","HD 72659","HIP 42030",2,51.89490000,2022,"Radial Velocity"
"HD 72892 b","HD 72892","HIP 42098",1,69.73110000,2016,"Radial Velocity"
"HD 73267 b","HD 73267","HIP 42202",2,50.40930000,2008,"Radial Velocity"
"HD 73267 c","HD 73267","HIP 42202",2,50.40930000,2022,"Radial Velocity"
"HD 73256 c","HD 73256","HIP 42214",1,36.70800000,2023,"Radial Velocity"
"HD 73526 b","HD 73526","HIP 42282",2,97.23960000,2002,"Radial Velocity"
"HD 73526 c","HD 73526","HIP 42282",2,97.23960000,2005,"Radial Velocity"
"HD 73583 b","HD 73583","HIP 42401",2,31.56660000,2022,"Transit"
"HD 73583 c","HD 73583","HIP 42401",2,31.56660000,2022,"Transit"
"HD 73344 b","HD 73344","HIP 42403",3,35.26000000,2024,"Transit"
"HD 73344 c","HD 73344","HIP 42403",3,35.26000000,2025,"Radial Velocity"
"HD 73344 d","HD 73344","HIP 42403",3,35.26000000,2025,"Radial Velocity"
"HD 73534 b","HD 73534","HIP 42446",1,83.33210000,2008,"Radial Velocity"
"4 UMa b","4 UMa","HIP 42527",1,73.46030000,2006,"Radial Velocity"
"HD 74698 b","HD 74698","HIP 42532",2,52.06480000,2023,"Radial Velocity"
"HD 74698 c","HD 74698","HIP 42532",2,52.06480000,2023,"Radial Velocity"
"HD 74156 b","HD 74156","HIP 42723",2,57.60300000,2003,"Radial Velocity"
"HD 74156 c","HD 74156","HIP 42723",2,57.60300000,2003,"Radial Velocity"
"HD 5319 b","HD 5319","HIP 4297",2,121.40500000,2007,"Radial Velocity"
"HD 5319 c","HD 5319","HIP 4297",2,121.40500000,2014,"Radial Velocity"
"HD 5388 b","HD 5388","HIP 4311",1,53.06610000,2010,"Radial Velocity"
"HD 75289 b","HD 75289","HIP 43177",1,29.11580000,1999,"Radial Velocity"
"HD 75302 b","HD 75302","HIP 43297",1,30.32880000,2023,"Radial Velocity"
"HD 75784 b","HD 75784","HIP 43569",2,85.43210000,2014,"Radial Velocity"
"HD 75784 c","HD 75784","HIP 43569",2,85.43210000,2018,"Radial Velocity"
"55 Cnc b","55 Cnc","HIP 43587",7,12.58550000,1996,"Radial Velocity"
"55 Cnc c","55 Cnc","HIP 43587",7,12.58550000,2004,"Radial Velocity"
"55 Cnc d","55 Cnc","HIP 43587",7,12.58550000,2002,"Radial Velocity"
"55 Cnc e","55 Cnc","HIP 43587",7,12.58550000,2004,"Radial Velocity"
"55 Cnc f","55 Cnc","HIP 43587",7,12.58550000,2007,"Radial Velocity"
"HD 75898 b","HD 75898","HIP 43674",2,78.05050000,2007,"Radial Velocity"
"HD 75898 c","HD 75898","HIP 43674",2,78.05050000,2024,"Radial Velocity"
"HD 76700 b","HD 76700","HIP 43686",1,60.88310000,2002,"Radial Velocity"
"GJ 328 b","GJ 328","HIP 43790",2,20.52660000,2013,"Radial Velocity"
"GJ 328 c","GJ 328","HIP 43790",2,20.52660000,2023,"Radial Velocity"
"HD 76920 b","HD 76920","HIP 43803",1,184.03100000,2017,"Radial Velocity"
"HD 77338 b","HD 77338","HIP 44291",1,45.93500000,2012,"Radial Velocity"
"HD 77946 b","HD 77946","HIP 44746",1,99.45100000,2024,"Transit"
"HD 79498 b","HD 79498","HIP 45406",1,48.94890000,2011,"Radial Velocity"
"HD 5608 b","HD 5608","HIP 4552",1,58.11050000,2012,"Radial Velocity"
"GJ 341 b","GJ 341","HIP 45908",1,10.45400000,2025,"Transit"
"HD 80606 b","HD 80606","HIP 45982",1,66.47110000,2001,"Radial Velocity"
"HD 80869 b","HD 80869","HIP 46022",1,85.39510000,2021,"Radial Velocity"
"HD 81040 b","HD 81040","HIP 46076",1,34.43410000,2005,"Radial Velocity"
"HD 81688 b","HD 81688","HIP 46471",1,85.71830000,2007,"Radial Velocity"
"HD 82943 b","HD 82943","HIP 47007",2,27.59020000,2003,"Radial Velocity"
"HD 82943 c","HD 82943","HIP 47007",2,27.59020000,2003,"Radial Velocity"
"HD 82886 b","HD 82886","HIP 47087",1,127.06100000,2011,"Radial Velocity"
"GJ 357 b","GJ 357","HIP 47103",3,9.44181000,2019,"Transit"
"GJ 357 c","GJ 357","HIP 47103",3,9.44181000,2019,"Radial Velocity"
"GJ 357 d","GJ 357","HIP 47103",3,9.44181000,2019,"Radial Velocity"
"HD 5891 b","HD 5891","HIP 4715",1,283.50200000,2011,"Radial Velocity"
"HD 81817 b","HD 81817","HIP 47193",2,269.12600000,2020,"Radial Velocity"
"HD 81817 c","HD 81817","HIP 47193",2,269.12600000,2022,"Radial Velocity"
"HD 83443 b","HD 83443","HIP 47202",2,40.89910000,2002,"Radial Velocity"
"HD 83443 c","HD 83443","HIP 47202",2,40.89910000,2022,"Radial Velocity"
"TOI-1898 b","TOI-1898","HIP 47288",1,79.66820000,2024,"Transit"
"TOI-261.01","TOI-261","HIP 4739",2,114.49500000,2021,"Transit"
"TOI-261.02","TOI-261","HIP 4739",2,114.49500000,2021,"Transit"
"GJ 367 b","GJ 367","HIP 47780",3,9.41263000,2021,"Transit"
"GJ 367 c","GJ 367","HIP 47780",3,9.41263000,2023,"Radial Velocity"
"GJ 367 d","GJ 367","HIP 47780",3,9.41263000,2023,"Radial Velocity"
"HD 85390 b","HD 85390","HIP 48235",1,33.52250000,2011,"Radial Velocity"
"HD 85426 c","TOI-1774","HIP 48443",2,53.97400000,2026,"Radial Velocity"
"TOI-1774.01","TOI-1774","HIP 48443",2,53.97400000,2021,"Transit"
"HIP 4845 b","HIP 4845","HIP 4845",1,21.09740000,2020,"Radial Velocity"
"mu Leo b","mu Leo","HIP 48455",1,32.60810000,2014,"Radial Velocity"
"Gliese 48 b","Gliese 48","HIP 4856",1,8.23366000,2026,"Radial Velocity"
"HD 86081 b","HD 86081","HIP 48711",1,103.93600000,2006,"Radial Velocity"
"HIP 48714 b","HIP 48714","HIP 48714",1,10.52980000,2020,"Radial Velocity"
"Gl 49 b","Gl 49","HIP 4872",1,9.85280000,2019,"Radial Velocity"
"HD 86226 b","HD 86226","HIP 48739",2,45.68300000,2009,"Radial Velocity"
"HD 86226 c","HD 86226","HIP 48739",2,45.68300000,2020,"Transit"
"HD 86264 b","HD 86264","HIP 48780",1,67.81070000,2009,"Radial Velocity"
"BD-08 2823 b","BD-08 2823","HIP 49067",2,41.33420000,2009,"Radial Velocity"
"BD-08 2823 c","BD-08 2823","HIP 49067",2,41.33420000,2009,"Radial Velocity"
"HD 86728 b","HD 86728","HIP 49081",1,14.92020000,2025,"Radial Velocity"
"HD 86950 b","HD 86950","HIP 49129",1,209.83900000,2016,"Radial Velocity"
"Gl 378 b","Gl 378","HIP 49189",1,14.95450000,2019,"Radial Velocity"
"HD 87816 b","HD 87816","HIP 49477",2,133.23300000,2025,"Radial Velocity"
"HD 87816 c","HD 87816","HIP 49477",2,133.23300000,2025,"Radial Velocity"
"HD 87646 b","HD 87646","HIP 49522 A",1,73.58352000,2016,"Radial Velocity"
"TOI-1777.01","TOI-1777","HIP 49576",1,79.76650000,2024,"Transit"
"HD 87883 b","HD 87883","HIP 49699",1,18.29120000,2009,"Radial Velocity"
"HD 88133 b","HD 88133","HIP 49813",1,73.61230000,2004,"Radial Velocity"
"HD 88986 b","HD 88986","HIP 50316",1,33.26730000,2023,"Radial Velocity"
"HD 89307 b","HD 89307","HIP 50473",1,32.01040000,2009,"Radial Velocity"
"HD 89345 b","HD 89345","HIP 50496",1,132.34500000,2018,"Transit"
"HD 6434 b","HD 6434","HIP 5054",1,42.35800000,2003,"Radial Velocity"
"gam1 Leo b","gam1 Leo","HIP 50583 A",1,39.88830000,2009,"Radial Velocity"
"HD 89839 b","HD 89839","HIP 50653",1,57.30630000,2023,"Radial Velocity"
"HD 89744 b","HD 89744","HIP 50786",1,38.63640000,1999,"Radial Velocity"
"24 Sex b","24 Sex","HIP 50887",2,72.06910000,2010,"Radial Velocity"
"24 Sex c","24 Sex","HIP 50887",2,72.06910000,2010,"Radial Velocity"
"HD 90156 b","HD 90156","HIP 50921",1,21.94960000,2011,"Radial Velocity"
"KELT-4 A b","KELT-4 A","HIP 51260",1,218.05000000,2016,"Transit"
"GJ 393 b","GJ 393","HIP 51317",1,7.03149000,2021,"Radial Velocity"
"HIP 5158 b","HIP 5158","HIP 5158",2,51.60260000,2009,"Radial Velocity"
"HIP 5158 c","HIP 5158","HIP 5158",2,51.60260000,2011,"Radial Velocity"
"HD 142 A d","HD 142","HIP 522",3,26.18530000,2022,"Radial Velocity"
"HD 142 b","HD 142","HIP 522",3,26.18530000,2001,"Radial Velocity"
"HD 142 c","HD 142","HIP 522",3,26.18530000,2012,"Radial Velocity"
"HD 92788 b","HD 92788","HIP 52409",2,34.65380000,2000,"Radial Velocity"
"HD 92788 c","HD 92788","HIP 52409",2,34.65380000,2019,"Radial Velocity"
"GJ 1137 c","HD 93083","HIP 52521",2,28.51590000,2026,"Radial Velocity"
"HD 93083 b","HD 93083","HIP 52521",2,28.51590000,2005,"Radial Velocity"
"KELT-11 b","KELT-11","HIP 52733",1,99.15960000,2017,"Transit"
"KELT-24 b","KELT-24","HIP 52796",1,96.51730000,2019,"Transit"
"HD 6718 b","HD 6718","HIP 5301",1,51.34440000,2009,"Radial Velocity"
"HD 94771 b","HD 94771","HIP 53437",1,57.78070000,2023,"Radial Velocity"
"HD 94890 b","HD 94890","HIP 53502",2,61.70120000,2025,"Radial Velocity"
"HD 94890 c","HD 94890","HIP 53502",2,61.70120000,2025,"Radial Velocity"
"HD 95086 b","HD 95086","HIP 53524",1,86.22790000,2013,"Imaging"
"HD 94834 b","HD 94834","HIP 53545",1,98.16090000,2018,"Radial Velocity"
"HD 95089 b","HD 95089","HIP 53666",2,136.95700000,2009,"Radial Velocity"
"HD 95089 c","HD 95089","HIP 53666",2,136.95700000,2016,"Radial Velocity"
"TOI-1776 b","TOI-1776","HIP 53688",1,44.64700000,2024,"Transit"
"HD 95338 b","HD 95338","HIP 53719",1,36.99410000,2020,"Radial Velocity"
"47 UMa b","47 UMa","HIP 53721",3,13.79670000,1996,"Radial Velocity"
"47 UMa c","47 UMa","HIP 53721",3,13.79670000,2001,"Radial Velocity"
"47 UMa d","47 UMa","HIP 53721",3,13.79670000,2009,"Radial Velocity"
"HD 95127 b","HD 95127","HIP 53733",1,676.57900000,2015,"Radial Velocity"
"Gl 410 b","Gl 410","HIP 53985",1,11.93240000,2025,"Radial Velocity"
"GJ 411 b","GJ 411","HIP 54035",2,5.67577300,2019,"Radial Velocity"
"HD 95735 c","GJ 411","HIP 54035",2,5.67577300,2021,"Radial Velocity"
"HD 96063 b","HD 96063","HIP 54158",1,140.06500000,2011,"Radial Velocity"
"TOI-5108 b","TOI-5108","HIP 54186",1,130.91900000,2025,"Transit"
"HD 96167 b","HD 96167","HIP 54195",1,85.30060000,2009,"Radial Velocity"
"HD 95544 b","HD 95544","HIP 54203",1,87.80490000,2021,"Radial Velocity"
"HD 96127 b","HD 96127","HIP 54232",1,587.65900000,2011,"Radial Velocity"
"HIP 54373 b","HIP 54373","HIP 54373",2,18.71680000,2019,"Radial Velocity"
"HIP 54373 c","HIP 54373","HIP 54373",2,18.71680000,2019,"Radial Velocity"
"HD 96700 b","HD 96700","HIP 54400",3,25.41110000,2021,"Radial Velocity"
"HD 96700 c","HD 96700","HIP 54400",3,25.41110000,2021,"Radial Velocity"
"HD 96700 d","HD 96700","HIP 54400",3,25.41110000,2021,"Radial Velocity"
"HD 97048 b","HD 97048","HIP 54413",1,183.85700000,2019,"Disk Kinematics"
"HD 6860 b","HD 6860","HIP 5447",1,61.12469000,2023,"Radial Velocity"
"TOI-1799 b","TOI-1799","HIP 54491",1,62.12740000,2024,"Transit"
"HIP 54515 b","HIP 54515","HIP 54515",1,82.81010000,2026,"Imaging"
"HD 96992 b","HD 96992","HIP 54595",1,396.08200000,2021,"Radial Velocity"
"HIP 54597 b","HIP 54597","HIP 54597",1,39.74290000,2023,"Radial Velocity"
"GJ 414 A b","GJ 414 A","HIP 54646",2,11.88930000,2021,"Radial Velocity"
"GJ 414 A c","GJ 414 A","HIP 54646",2,11.88930000,2021,"Radial Velocity"
"TOI-1203 b","TOI-1203","HIP 54779",4,64.99430000,2025,"Radial Velocity"
"TOI-1203 c","TOI-1203","HIP 54779",4,64.99430000,2025,"Radial Velocity"
"TOI-1203 e","TOI-1203","HIP 54779",4,64.99430000,2025,"Radial Velocity"
"TOI-1203.01","TOI-1203","HIP 54779",4,64.99430000,2021,"Transit"
"HD 97658 b","HD 97658","HIP 54906",1,21.56180000,2010,"Radial Velocity"
"GJ 422 b","GJ 422","HIP 55042",1,12.66310000,2014,"Radial Velocity"
"HD 98219 b","HD 98219","HIP 55174",1,113.70400000,2011,"Radial Velocity"
"HD 7199 b","HD 7199","HIP 5529",1,36.15310000,2011,"Radial Velocity"
"HD 98649 b","HD 98649","HIP 55409",1,42.17270000,2012,"Radial Velocity"
"HD 98736 b","HD 98736","HIP 55486 A",1,32.44590000,2018,"Radial Velocity"
"HIP 55507 b","HIP 55507","HIP 55507",1,25.48930000,2022,"Radial Velocity"
"HD 99109 b","HD 99109","HIP 55664",1,54.79010000,2005,"Radial Velocity"
"HD 233832 b","HD 233832","HIP 55806",1,58.74200000,2018,"Radial Velocity"
"HD 99492 b","HD 99492","HIP 55848",2,18.20380000,2004,"Radial Velocity"
"HD 99492 c","HD 99492","HIP 55848",2,18.20380000,2023,"Radial Velocity"
"HD 99706 b","HD 99706","HIP 55994",2,146.60000000,2011,"Radial Velocity"
"HD 99706 c","HD 99706","HIP 55994",2,146.60000000,2016,"Radial Velocity"
"HD 100508 b","HD 100508","HIP 56363",1,32.75480000,2026,"Radial Velocity"
"HD 100546 b","HD 100546","HIP 56379",1,109.67700000,2014,"Imaging"
"YZ Cet b","YZ Cet","HIP 5643",3,3.71207000,2017,"Radial Velocity"
"YZ Cet c","YZ Cet","HIP 5643",3,3.71207000,2017,"Radial Velocity"
"YZ Cet d","YZ Cet","HIP 5643",3,3.71207000,2017,"Radial Velocity"
"HD 100655 b","HD 100655","HIP 56508",1,137.17800000,2011,"Radial Velocity"
"GJ 433 b","GJ 433","HIP 56528",3,9.06456000,2013,"Radial Velocity"
"GJ 433 c","GJ 433","HIP 56528",3,9.06456000,2014,"Radial Velocity"
"GJ 433 d","GJ 433","HIP 56528",3,9.06456000,2020,"Radial Velocity"
"HD 100777 b","HD 100777","HIP 56572",1,49.53360000,2007,"Radial Velocity"
"HIP 56640 b","HIP 56640","HIP 56640",1,122.32400000,2021,"Radial Velocity"
"HD 101581 b","HIP 56998","HIP 56998",2,12.77810000,2025,"Transit"
"HD 101581 c","HIP 56998","HIP 56998",2,12.77810000,2025,"Transit"
"GJ 1148 b","GJ 1148","HIP 57050",2,11.01430000,2010,"Radial Velocity"
"GJ 1148 c","GJ 1148","HIP 57050",2,11.01430000,2017,"Radial Velocity"
"GJ 436 b","GJ 436","HIP 57087",1,9.75321000,2004,"Radial Velocity"
"TOI-1801 b","TOI-1801","HIP 57099",1,30.67960000,2023,"Transit"
"HD 101930 b","HD 101930","HIP 57172",1,30.02740000,2005,"Radial Velocity"
"HIP 57274 b","HIP 57274","HIP 57274",3,25.86180000,2011,"Radial Velocity"
"HIP 57274 c","HIP 57274","HIP 57274",3,25.86180000,2011,"Radial Velocity"
"HIP 57274 d","HIP 57274","HIP 57274",3,25.86180000,2011,"Radial Velocity"
"HD 102117 b","HD 102117","HIP 57291",1,39.57920000,2005,"Radial Velocity"
"HD 102195 b","HD 102195","HIP 57370",1,29.33860000,2006,"Radial Velocity"
"HD 102272 b","HD 102272","HIP 57428",1,347.09700000,2008,"Radial Velocity"
"HD 102329 b","HD 102329","HIP 57467",2,217.10700000,2011,"Radial Velocity"
"HD 102329 c","HD 102329","HIP 57467",2,217.10700000,2016,"Radial Velocity"
"Ross 128 b","Ross 128","HIP 57548",1,3.37454000,2017,"Radial Velocity"
"HIP 5763 b","HIP 5763","HIP 5763",1,31.90430000,2021,"Radial Velocity"
"HD 102843 b","HD 102843","HIP 57735",1,62.75800000,2019,"Radial Velocity"
"HD 102888 b","HD 102888","HIP 57749",1,126.48400000,2025,"Radial Velocity"
"HD 102956 b","HD 102956","HIP 57820",1,121.89000000,2010,"Radial Velocity"
"HD 103197 b","HD 103197","HIP 57931",1,57.14630000,2011,"Radial Velocity"
"HD 7449 b","HD 7449","HIP 5806",1,38.66200000,2011,"Radial Velocity"
"GJ 3082 b","GJ 3082","HIP 5812",1,16.61860000,2020,"Radial Velocity"
"HD 103720 b","HD 103720","HIP 58237",1,45.53520000,2014,"Radial Velocity"
"HD 103774 b","HD 103774","HIP 58263",1,56.40890000,2013,"Radial Velocity"
"HD 103891 b","HD 103891","HIP 58331",1,55.52130000,2022,"Radial Velocity"
"HD 103949 b","HD 103949","HIP 58374",1,26.49970000,2019,"Radial Velocity"
"HD 104067 b","HD 104067","HIP 58451",2,20.36320000,2011,"Radial Velocity"
"HD 104067 c","HD 104067","HIP 58451",2,20.36320000,2024,"Radial Velocity"
"HD 104985 b","HD 104985","HIP 58952",1,100.57600000,2003,"Radial Velocity"
"HD 238090 b","HD 238090","HIP 59514",1,15.23540000,2020,"Radial Velocity"
"KOBE-1 b","KOBE-1","HIP 5957",2,23.97180000,2025,"Radial Velocity"
"KOBE-1 c","KOBE-1","HIP 5957",2,23.97180000,2025,"Radial Velocity"
"HD 106252 b","HD 106252","HIP 59610",1,38.18500000,2002,"Radial Velocity"
"HD 106270 b","HD 106270","HIP 59625",1,93.80800000,2011,"Radial Velocity"
"HD 106515 A b","HD 106515 A","HIP 59743 A",1,34.09150000,2012,"Radial Velocity"
"HD 106906 b","HD 106906","HIP 59960",1,103.02900000,2013,"Imaging"
"HD 107148 b","HD 107148","HIP 60081",2,49.41560000,2005,"Radial Velocity"
"HD 107148 c","HD 107148","HIP 60081",2,49.41560000,2021,"Radial Velocity"
"GJ 9404 b","GJ 9404","HIP 60093",1,23.88390000,2023,"Radial Velocity"
"11 Com b","11 Com","HIP 60202",1,93.18460000,2007,"Radial Velocity"
"GJ 463 b","GJ 463","HIP 60398",1,18.35540000,2022,"Radial Velocity"
"HD 108147 b","HD 108147","HIP 60644",1,38.92000000,2002,"Radial Velocity"
"HD 108202 b","HD 108202","HIP 60648",1,38.68460000,2023,"Radial Velocity"
"HD 108236 b","HD 108236","HIP 60689",5,64.59780000,2020,"Transit"
"HD 108236 c","HD 108236","HIP 60689",5,64.59780000,2020,"Transit"
"HD 108236 e","HD 108236","HIP 60689",5,64.59780000,2020,"Transit"
"HD 108236 f","HD 108236","HIP 60689",5,64.59780000,2021,"Transit"
"TOI-1233.01","HD 108236","HIP 60689",5,64.59780000,2021,"Transit"
"TOI-4527.01","TOI-4527","HIP 6069",1,18.10370000,2024,"Transit"
"HD 108341 b","HD 108341","HIP 60788",1,48.91020000,2014,"Radial Velocity"
"HD 108863 b","HD 108863","HIP 61020",1,164.74200000,2011,"Radial Velocity"
"HD 108874 b","HD 108874","HIP 61028",2,59.51750000,2002,"Radial Velocity"
"HD 108874 c","HD 108874","HIP 61028",2,59.51750000,2005,"Radial Velocity"
"HD 109246 b","HD 109246","HIP 61177",1,67.83490000,2010,"Radial Velocity"
"HD 109286 b","HD 109286","HIP 61298",1,55.41560000,2021,"Radial Velocity"
"HD 109271 b","HD 109271","HIP 61300",2,55.87160000,2013,"Radial Velocity"
"HD 109271 c","HD 109271","HIP 61300",2,55.87160000,2013,"Radial Velocity"
"HD 109749 b","HD 109749","HIP 61595 A",1,63.08210000,2005,"Radial Velocity"
"GJ 480 b","GJ 480","HIP 61706",1,14.23580000,2020,"Radial Velocity"
"HD 109833 b","HD 109833","HIP 61723",2,79.55610000,2022,"Transit"
"HD 109833 c","HD 109833","HIP 61723",2,79.55610000,2022,"Transit"
"HD 110014 b","HD 110014","HIP 61740",1,100.75800000,2009,"Radial Velocity"
"HD 110113 b","HD 110113","HIP 61820",2,106.30700000,2021,"Transit"
"HD 110113 c","HD 110113","HIP 61820",2,106.30700000,2021,"Radial Velocity"
"HD 110537 b","HD 110537","HIP 62039",1,45.08580000,2022,"Radial Velocity"
"GJ 486 b","GJ 486","HIP 62452",1,8.07426000,2021,"Radial Velocity"
"HD 111232 b","HD 111232","HIP 62534",2,28.95710000,2003,"Radial Velocity"
"HD 111232 c","HD 111232","HIP 62534",2,28.95710000,2022,"Radial Velocity"
"HD 111591 b","HD 111591","HIP 62653",1,114.16600000,2017,"Radial Velocity"
"HD 110082 b","HD 110082","HIP 62662",1,105.09600000,2021,"Transit"
"HD 111998 b","HD 111998","HIP 62875",1,33.22370000,2016,"Radial Velocity"
"TOI-1135 b","TOI-1135","HIP 62908",1,114.04800000,2024,"Transit"
"HD 112300 b","HD 112300","HIP 63090",1,62.07324000,2023,"Radial Velocity"
"HD 112640 b","HD 112640","HIP 63203",1,323.33500000,2020,"Radial Velocity"
"HD 112570 b","HD 112570","HIP 63211",1,101.16600000,2023,"Radial Velocity"
"HIP 63242 b","HIP 63242","HIP 63242",1,156.45600000,2013,"Radial Velocity"
"Ross 458 c","Ross 458","HIP 63510",1,11.50940000,2010,"Imaging"
"HD 113337 b","HD 113337","HIP 63584",2,36.18000000,2013,"Radial Velocity"
"HD 113337 c","HD 113337","HIP 63584",2,36.18000000,2020,"Radial Velocity"
"GJ 3090 b","GJ 3090","HIP 6365",2,22.47510000,2022,"Transit"
"GJ 3090 c","GJ 3090","HIP 6365",2,22.47510000,2026,"Radial Velocity"
"HD 7924 b","HD 7924","HIP 6379",3,16.99220000,2008,"Radial Velocity"
"HD 7924 c","HD 7924","HIP 6379",3,16.99220000,2015,"Radial Velocity"
"HD 7924 d","HD 7924","HIP 6379",3,16.99220000,2015,"Radial Velocity"
"HD 113538 b","HD 113538","HIP 63833",2,16.28170000,2010,"Radial Velocity"
"HD 113538 c","HD 113538","HIP 63833",2,16.28170000,2010,"Radial Velocity"
"HD 8326 b","HD 8326","HIP 6390",1,30.68620000,2019,"Radial Velocity"
"HD 113996 b","HD 113996","HIP 64022",1,116.33400000,2017,"Radial Velocity"
"HD 114082 b","HD 114082","HIP 64184",1,95.39060000,2022,"Transit"
"HD 114386 b","HD 114386","HIP 64295",2,27.92430000,2003,"Radial Velocity"
"HD 114386 c","HD 114386","HIP 64295",2,27.92430000,2026,"Radial Velocity"
"HD 114783 b","HD 114783","HIP 64457",2,21.06280000,2001,"Radial Velocity"
"HD 114783 c","HD 114783","HIP 64457",2,21.06280000,2016,"Radial Velocity"
"HD 114729 b","HD 114729","HIP 64459",1,37.80630000,2002,"Radial Velocity"
"GJ 504 b","GJ 504","HIP 64792",1,17.52990000,2013,"Imaging"
"HD 115404 A b","HD 115404 A","HIP 64797 A",2,10.98160000,2022,"Radial Velocity"
"HD 115404 A c","HD 115404 A","HIP 64797 A",2,10.98160000,2022,"Radial Velocity"
"61 Vir b","61 Vir","HIP 64924",3,8.50332000,2009,"Radial Velocity"
"61 Vir c","61 Vir","HIP 64924",3,8.50332000,2009,"Radial Velocity"
"61 Vir d","61 Vir","HIP 64924",3,8.50332000,2009,"Radial Velocity"
"HIP 65 A b","HIP 65 A","HIP 65 A",1,61.78560000,2020,"Transit"
"HD 115954 b","HD 115954","HIP 65042",1,87.64370000,2021,"Radial Velocity"
"HD 8535 b","HD 8535","HIP 6511",1,55.44010000,2010,"Radial Velocity"
"HD 116029 b","HD 116029","HIP 65117",2,123.24500000,2011,"Radial Velocity"
"HD 116029 c","HD 116029","HIP 65117",2,123.24500000,2016,"Radial Velocity"
"GJ 508.2 b","GJ 508.2","HIP 65143",1,16.63740000,2025,"Radial Velocity"
"HIP 65407 b","HIP 65407","HIP 65407",2,61.78040000,2016,"Radial Velocity"
"HIP 65407 c","HIP 65407","HIP 65407",2,61.78040000,2016,"Radial Velocity"
"HIP 65426 b","HIP 65426","HIP 65426",1,108.87500000,2017,"Imaging"
"TOI-1807 b","TOI-1807","HIP 65469",1,42.57750000,2021,"Transit"
"70 Vir b","70 Vir","HIP 65721",1,17.90110000,1996,"Radial Velocity"
"HD 117207 b","HD 117207","HIP 65808",1,32.35470000,2004,"Radial Velocity"
"GJ 514 b","GJ 514","HIP 65859",1,7.61778000,2022,"Radial Velocity"
"HIP 65891 b","HIP 65891","HIP 65891",1,150.29200000,2015,"Radial Velocity"
"HD 117618 b","HD 117618","HIP 66047",1,37.77810000,2004,"Radial Velocity"
"HIP 66074 b","HIP 66074","HIP 66074",1,35.44380000,2023,"Astrometry"
"HD 118203 b","HD 118203","HIP 66192",2,92.25890000,2005,"Radial Velocity"
"HD 118203 c","HD 118203","HIP 66192",2,92.25890000,2024,"Radial Velocity"
"DMPP-7 b","DMPP-7","HIP 66197",1,101.38600000,2026,"Radial Velocity"
"HD 8574 b","HD 8574","HIP 6643",1,44.82640000,2002,"Radial Velocity"
"HD 120084 b","HD 120084","HIP 66903",1,103.04400000,2013,"Radial Velocity"
"HD 8673 b","HD 8673","HIP 6702",1,37.86190000,2009,"Radial Velocity"
"HR 5183 b","HR 5183","HIP 67246",1,31.46070000,2019,"Radial Velocity"
"tau Boo b","tau Boo","HIP 67275",1,15.65210000,1996,"Radial Velocity"
"Wolf 503 b","Wolf 503","HIP 67285",1,44.52600000,2018,"Transit"
"HIP 67522 b","HIP 67522","HIP 67522",2,127.28000000,2020,"Transit"
"HIP 67522 c","HIP 67522","HIP 67522",2,127.28000000,2024,"Transit"
"HIP 67537 b","HIP 67537","HIP 67537",1,116.04600000,2017,"Radial Velocity"
"HIP 67851 b","HIP 67851","HIP 67851",2,64.11810000,2015,"Radial Velocity"
"HIP 67851 c","HIP 67851","HIP 67851",2,64.11810000,2015,"Radial Velocity"
"HD 121504 b","HD 121504","HIP 68162",1,41.65920000,2003,"Radial Velocity"
"GJ 536 b","GJ 536","HIP 68469",2,10.40920000,2016,"Radial Velocity"
"GJ 536 c","GJ 536","HIP 68469",2,10.40920000,2025,"Radial Velocity"
"HD 125390 b","HD 125390","HIP 69888",1,153.64700000,2019,"Radial Velocity"
"HD 9174 b","HD 9174","HIP 6993",1,81.48930000,2016,"Radial Velocity"
"HD 125612 b","HD 125612","HIP 70123",3,57.62070000,2007,"Radial Velocity"
"HD 125612 c","HD 125612","HIP 70123",3,57.62070000,2009,"Radial Velocity"
"HD 125612 d","HD 125612","HIP 70123",3,57.62070000,2009,"Radial Velocity"
"HD 125595 b","HD 125595","HIP 70170",1,28.19890000,2011,"Radial Velocity"
"HD 125136 b","HD 125136","HIP 70175",1,121.25700000,2026,"Radial Velocity"
"HD 126105 b","HD 126105","HIP 70382",1,82.88110000,2026,"Radial Velocity"
"HD 126614 b","HD 126614","HIP 70623",1,73.09610000,2009,"Radial Velocity"
"HD 126525 b","HD 126525","HIP 70695",1,37.65060000,2018,"Radial Velocity"
"TOI-1416 b","TOI-1416","HIP 70705",1,55.01350000,2023,"Transit"
"24 Boo b","24 Boo","HIP 70791",1,95.98630000,2018,"Radial Velocity"
"HIP 70849 b","HIP 70849","HIP 70849",1,24.05720000,2011,"Radial Velocity"
"Proxima Cen b","Proxima Cen","HIP 70890",2,1.30119000,2016,"Radial Velocity"
"Proxima Cen d","Proxima Cen","HIP 70890",2,1.30119000,2025,"Radial Velocity"
"HD 127506 b","HD 127506","HIP 70950",1,22.52790000,2022,"Radial Velocity"
"HD 127195 b","HD 127195","HIP 71018",2,84.71670000,2026,"Radial Velocity"
"HD 127195 c","HD 127195","HIP 71018",2,84.71670000,2026,"Radial Velocity"
"HIP 71135 b","HIP 71135","HIP 71135",1,32.33110000,2019,"Radial Velocity"
"HN Lib b","HN Lib","HIP 71253",1,6.24442000,2023,"Radial Velocity"
"HD 128311 b","HD 128311","HIP 71395",2,16.32920000,2002,"Radial Velocity"
"HD 128311 c","HD 128311","HIP 71395",2,16.32920000,2005,"Radial Velocity"
"HD 128717 b","HD 128717","HIP 71425",1,73.63600000,2025,"Astrometry"
"HD 128356 b","HD 128356","HIP 71481",1,26.15480000,2016,"Radial Velocity"
"HD 129445 b","HD 129445","HIP 72203",1,67.43860000,2009,"Radial Velocity"
"HD 130322 b","HD 130322","HIP 72339",1,31.87660000,1999,"Radial Velocity"
"HD 9446 b","HD 9446","HIP 7245",2,50.35030000,2009,"Radial Velocity"
"HD 9446 c","HD 9446","HIP 7245",2,50.35030000,2009,"Radial Velocity"
"bet UMi b","bet UMi","HIP 72607",1,38.77472000,2014,"Radial Velocity"
"HD 131496 b","HD 131496","HIP 72845",1,131.84900000,2011,"Radial Velocity"
"8 UMi b","8 UMi","HIP 73136",1,162.55200000,2015,"Radial Velocity"
"HD 132406 b","HD 132406","HIP 73146",1,70.78320000,2007,"Radial Velocity"
"HD 132563 b","HD 132563","HIP 73261 A",1,105.15500000,2011,"Radial Velocity"
"TOI-836 b","TOI-836","HIP 73427",2,27.50240000,2023,"Transit"
"TOI-836.01","TOI-836","HIP 73427",2,27.50240000,2021,"Transit"
"WASP-189 b","WASP-189","HIP 73608",1,99.73100000,2020,"Transit"
"HD 133131 A b","HD 133131 A","HIP 73674 A",3,51.47360000,2016,"Radial Velocity"
"HD 133131 A c","HD 133131 A","HIP 73674 A",3,51.47360000,2016,"Radial Velocity"
"HD 133131 B b","HD 133131 B","HIP 73674 B",3,51.29930000,2016,"Radial Velocity"
"TOI-198 b","TOI-198","HIP 738",1,23.72620000,2023,"Transit"
"HD 134060 b","HD 134060","HIP 74273",2,24.01250000,2019,"Radial Velocity"
"HD 134060 c","HD 134060","HIP 74273",2,24.01250000,2019,"Radial Velocity"
"HD 135694 b","HD 135694","HIP 74326",1,73.87130000,2023,"Transit"
"HD 134987 b","HD 134987","HIP 74500",2,26.18040000,1999,"Radial Velocity"
"HD 134987 c","HD 134987","HIP 74500",2,26.18040000,2009,"Radial Velocity"
"HD 134606 b","HD 134606","HIP 74653",5,26.79090000,2024,"Radial Velocity"
"HD 134606 c","HD 134606","HIP 74653",5,26.79090000,2024,"Radial Velocity"
"HD 134606 d","HD 134606","HIP 74653",5,26.79090000,2024,"Radial Velocity"
"HD 134606 e","HD 134606","HIP 74653",5,26.79090000,2024,"Radial Velocity"
"HD 134606 f","HD 134606","HIP 74653",5,26.79090000,2024,"Radial Velocity"
"11 UMi b","11 UMi","HIP 74793",1,125.32100000,2009,"Radial Velocity"
"HD 135625 b","HD 135625","HIP 74856",1,56.51800000,2023,"Radial Velocity"
"HIP 74890 b","HIP 74890","HIP 74890",1,78.65620000,2016,"Radial Velocity"
"HD 136118 b","HD 136118","HIP 74948",1,51.43590000,2022,"Radial Velocity"
"HD 136418 b","HD 136418","HIP 74961",1,105.16800000,2009,"Radial Velocity"
"TOI-2018 b","TOI-2018","HIP 74981",1,27.99560000,2023,"Transit"
"GJ 581 b","GJ 581","HIP 74995",3,6.29810000,2005,"Radial Velocity"
"GJ 581 c","GJ 581","HIP 74995",3,6.29810000,2007,"Radial Velocity"
"GJ 581 e","GJ 581","HIP 74995",3,6.29810000,2009,"Radial Velocity"
"omi CrB b","omi CrB","HIP 75049",1,84.78830000,2012,"Radial Velocity"
"HIP 75092 b","HIP 75092","HIP 75092",1,81.66960000,2021,"Radial Velocity"
"ups And b","ups And","HIP 7513",3,13.40540000,1996,"Radial Velocity"
"ups And c","ups And","HIP 7513",3,13.40540000,1999,"Radial Velocity"
"ups And d","ups And","HIP 7513",3,13.40540000,1999,"Radial Velocity"
"HD 136352 b","HD 136352","HIP 75181",3,14.68200000,2019,"Radial Velocity"
"HD 136352 c","HD 136352","HIP 75181",3,14.68200000,2019,"Radial Velocity"
"HD 136352 d","HD 136352","HIP 75181",3,14.68200000,2019,"Radial Velocity"
"HD 136925 b","HD 136925","HIP 75281",1,47.87400000,2021,"Radial Velocity"
"iot Dra b","iot Dra","HIP 75458",2,31.32832000,2002,"Radial Velocity"
"iot Dra c","iot Dra","HIP 75458",2,31.32832000,2021,"Radial Velocity"
"WASP-18 b","WASP-18","HIP 7562",1,123.48300000,2009,"Transit"
"HD 10180 c","HD 10180","HIP 7599",6,38.96070000,2010,"Radial Velocity"
"HD 10180 d","HD 10180","HIP 7599",6,38.96070000,2010,"Radial Velocity"
"HD 10180 e","HD 10180","HIP 7599",6,38.96070000,2010,"Radial Velocity"
"HD 10180 f","HD 10180","HIP 7599",6,38.96070000,2010,"Radial Velocity"
"HD 10180 g","HD 10180","HIP 7599",6,38.96070000,2010,"Radial Velocity"
"HD 10180 h","HD 10180","HIP 7599",6,38.96070000,2010,"Radial Velocity"
"TOI-1411 b","TOI-1411","HIP 76042",1,32.47780000,2022,"Transit"
"HD 139357 b","HD 139357","HIP 76311",1,112.09000000,2008,"Radial Velocity"
"gam Lib b","gam Lib","HIP 76333",2,47.40170000,2018,"Radial Velocity"
"gam Lib c","gam Lib","HIP 76333",2,47.40170000,2018,"Radial Velocity"
"HD 137388 b","HD 137388","HIP 76351",1,40.48410000,2011,"Radial Velocity"
"HD 141004 b","HD 141004","HIP 77257",1,11.81480000,2021,"Radial Velocity"
"HD 141399 b","HD 141399","HIP 77301",4,37.01690000,2014,"Radial Velocity"
"HD 141399 c","HD 141399","HIP 77301",4,37.01690000,2014,"Radial Velocity"
"HD 141399 d","HD 141399","HIP 77301",4,37.01690000,2014,"Radial Velocity"
"HD 141399 e","HD 141399","HIP 77301",4,37.01690000,2014,"Radial Velocity"
"HD 140901 b","HD 140901","HIP 77358",2,15.25280000,2022,"Radial Velocity"
"HD 140901 c","HD 140901","HIP 77358",2,15.25280000,2022,"Radial Velocity"
"HD 330075 b","HD 330075","HIP 77517",1,45.29890000,2004,"Radial Velocity"
"ome Ser b","ome Ser","HIP 77578",1,76.75560000,2013,"Radial Velocity"
"kap CrB b","kap CrB","HIP 77655",1,30.06510000,2007,"Radial Velocity"
"HD 141937 b","HD 141937","HIP 77740",1,33.36220000,2002,"Radial Velocity"
"HD 142245 b","HD 142245","HIP 77783",1,97.23050000,2011,"Radial Velocity"
"HD 143105 b","HD 143105","HIP 77838",1,46.77890000,2016,"Radial Velocity"
"HIP 77900 b","HIP 77900","HIP 77900",1,150.86200000,2024,"Imaging"
"eps CrB b","eps CrB","HIP 78159",1,69.86830000,2012,"Radial Velocity"
"HD 142415 b","HD 142415","HIP 78169",1,35.53180000,2003,"Radial Velocity"
"BD+15 2940 b","BD+15 2940","HIP 78407",1,426.42000000,2013,"Radial Velocity"
"rho CrB b","rho CrB","HIP 78459",3,17.46710000,1997,"Radial Velocity"
"rho CrB c","rho CrB","HIP 78459",3,17.46710000,2016,"Radial Velocity"
"rho CrB e","rho CrB","HIP 78459",3,17.46710000,2023,"Radial Velocity"
"HD 143361 b","HD 143361","HIP 78521",1,68.51460000,2008,"Radial Velocity"
"HIP 78530 b","HIP 78530","HIP 78530",1,136.75900000,2010,"Imaging"
"HD 143811 AB b","HD 143811 A","HIP 78663",1,136.60800000,2025,"Imaging"
"HIP 79098 AB b","HIP 79098 AB","HIP 79098 AB",1,145.79800000,2019,"Imaging"
"GJ 3942 b","GJ 3942","HIP 79126",1,16.92870000,2017,"Radial Velocity"
"HD 145457 b","HD 145457","HIP 79219",1,135.29200000,2010,"Radial Velocity"
"HD 142022 A b","HD 142022 A","HIP 79242",1,34.28020000,2005,"Radial Velocity"
"14 Her b","14 Her","HIP 79248",2,17.93230000,2002,"Radial Velocity"
"HD 145675 c","14 Her","HIP 79248",2,17.93230000,2021,"Radial Velocity"
"HD 145377 b","HD 145377","HIP 79346",1,53.48840000,2008,"Radial Velocity"
"HIP 79431 b","HIP 79431","HIP 79431",1,14.53240000,2009,"Radial Velocity"
"17 Sco b","17 Sco","HIP 79540",1,124.95300000,2020,"Radial Velocity"
"HD 147379 b","HD 147379","HIP 79755",1,10.76430000,2017,"Radial Velocity"
"HD 10647 b","HD 10647","HIP 7978",1,17.33570000,2006,"Radial Velocity"
"HAT-P-2 b","HAT-P-2","HIP 80076",2,127.77400000,2007,"Transit"
"HAT-P-2 c","HAT-P-2","HIP 80076",2,127.77400000,2023,"Radial Velocity"
"HD 564 b","HD 564","HIP 801",1,51.16590000,2014,"Radial Velocity"
"HD 147018 b","HD 147018","HIP 80250",2,40.42560000,2009,"Radial Velocity"
"HD 147018 c","HD 147018","HIP 80250",2,40.42560000,2009,"Radial Velocity"
"HD 147513 b","HD 147513","HIP 80337",1,12.90320000,2003,"Radial Velocity"
"GJ 625 b","GJ 625","HIP 80459",1,6.47249000,2017,"Radial Velocity"
"HD 148164 b","HD 148164","HIP 80484",2,77.19710000,2018,"Radial Velocity"
"HD 148164 c","HD 148164","HIP 80484",2,77.19710000,2018,"Radial Velocity"
"HD 147873 b","HD 147873","HIP 80486",2,109.05500000,2016,"Radial Velocity"
"HD 147873 c","HD 147873","HIP 80486",2,109.05500000,2016,"Radial Velocity"
"HD 148156 b","HD 148156","HIP 80680",1,57.12890000,2009,"Radial Velocity"
"HD 148427 b","HD 148427","HIP 80687",1,71.34990000,2009,"Radial Velocity"
"Wolf 1061 b","Wolf 1061","HIP 80824",3,4.30592000,2015,"Radial Velocity"
"Wolf 1061 c","Wolf 1061","HIP 80824",3,4.30592000,2015,"Radial Velocity"
"Wolf 1061 d","Wolf 1061","HIP 80824",3,4.30592000,2015,"Radial Velocity"
"HD 149026 b","HD 149026","HIP 80838",1,75.86430000,2005,"Radial Velocity"
"HD 150706 b","HD 150706","HIP 80902",1,28.26970000,2012,"Radial Velocity"
"tau Cet f","tau Cet","HIP 8102",3,3.60304000,2017,"Radial Velocity"
"tau Cet g","tau Cet","HIP 8102",3,3.60304000,2017,"Radial Velocity"
"tau Cet h","tau Cet","HIP 8102",3,3.60304000,2017,"Radial Velocity"
"HD 149143 b","HD 149143","HIP 81022",1,73.28010000,2005,"Radial Velocity"
"HIP 81208 C b","HIP 81208 C","HIP 81208 C",1,147.53300000,2023,"Imaging"
"HD 149806 b","HD 149806","HIP 81375",1,20.27270000,2022,"Radial Velocity"
"HIP 8152 b","HIP 8152","HIP 8152",2,101.69400000,2023,"Transit"
"HIP 8152 c","HIP 8152","HIP 8152",2,101.69400000,2023,"Transit"
"HD 10697 b","HD 10697","HIP 8159",1,33.12050000,1999,"Radial Velocity"
"HIP 81991 b","HIP 81991","HIP 81991",1,43.90160000,2026,"Radial Velocity"
"HD 152079 b","HD 152079","HIP 82632",1,87.88880000,2009,"Radial Velocity"
"HD 152581 b","HD 152581","HIP 82651",1,165.76000000,2011,"Radial Velocity"
"HD 153557 b","HD 153557","HIP 83020 A",3,17.94120000,2022,"Radial Velocity"
"HD 153557 c","HD 153557","HIP 83020 A",3,17.94120000,2022,"Radial Velocity"
"HD 153557 d","HD 153557","HIP 83020 A",3,17.94120000,2022,"Radial Velocity"
"GJ 649 b","GJ 649","HIP 83043",1,10.37960000,2009,"Radial Velocity"
"HD 154391 b","HD 154391","HIP 83289",1,100.94700000,2023,"Radial Velocity"
"HD 154345 b","HD 154345","HIP 83389",1,18.28400000,2006,"Radial Velocity"
"HD 154088 b","HD 154088","HIP 83541",1,18.26920000,2021,"Radial Velocity"
"HD 153950 b","HD 153950","HIP 83547",1,48.45490000,2008,"Radial Velocity"
"TOI-2128 b","TOI-2128","HIP 83827",1,36.57800000,2024,"Transit"
"GJ 2126 b","GJ 2126","HIP 83941",1,38.12900000,2025,"Radial Velocity"
"HD 155358 b","HD 155358","HIP 83949",2,43.61970000,2007,"Radial Velocity"
"HD 155358 c","HD 155358","HIP 83949",2,43.61970000,2007,"Radial Velocity"
"HD 154672 b","HD 154672","HIP 83983",1,63.04840000,2008,"Radial Velocity"
"HD 154857 b","HD 154857","HIP 84069",2,63.44820000,2004,"Radial Velocity"
"HD 154857 c","HD 154857","HIP 84069",2,63.44820000,2014,"Radial Velocity"
"HD 156279 b","HD 156279","HIP 84171",2,36.19450000,2011,"Radial Velocity"
"HD 156279 c","HD 156279","HIP 84171",2,36.19450000,2016,"Radial Velocity"
"GJ 3998 b","GJ 3998","HIP 84460",3,18.14590000,2016,"Radial Velocity"
"GJ 3998 c","GJ 3998","HIP 84460",3,18.14590000,2016,"Radial Velocity"
"GJ 3998 d","GJ 3998","HIP 84460",3,18.14590000,2025,"Radial Velocity"
"HD 156668 b","HD 156668","HIP 84607",2,24.33230000,2010,"Radial Velocity"
"HD 156668 c","HD 156668","HIP 84607",2,24.33230000,2021,"Radial Velocity"
"HD 158996 b","HD 158996","HIP 84769",1,283.65900000,2018,"Radial Velocity"
"HD 156411 b","HD 156411","HIP 84787",1,56.86550000,2009,"Radial Velocity"
"HD 156846 b","HD 156846","HIP 84856",1,47.73320000,2007,"Radial Velocity"
"HD 155918 b","HD 155918","HIP 84988",2,27.56100000,2022,"Radial Velocity"
"HD 155918 c","HD 155918","HIP 84988",2,27.56100000,2022,"Radial Velocity"
"DMPP-2 b","DMPP-2","HIP 8501",3,137.94000000,2019,"Radial Velocity"
"DMPP-2 c","DMPP-2","HIP 8501",3,137.94000000,2026,"Radial Velocity"
"DMPP-2 d","DMPP-2","HIP 8501",3,137.94000000,2026,"Radial Velocity"
"HD 158259 b","HD 158259","HIP 85268",5,27.04980000,2020,"Radial Velocity"
"HD 158259 c","HD 158259","HIP 85268",5,27.04980000,2020,"Radial Velocity"
"HD 158259 d","HD 158259","HIP 85268",5,27.04980000,2020,"Radial Velocity"
"HD 158259 e","HD 158259","HIP 85268",5,27.04980000,2020,"Radial Velocity"
"HD 158259 f","HD 158259","HIP 85268",5,27.04980000,2020,"Radial Velocity"
"HD 158038 b","HD 158038","HIP 85294",1,94.86250000,2011,"Radial Velocity"
"HD 11343 c","HIP 8541","HIP 8541",2,155.12100000,2022,"Radial Velocity"
"HIP 8541 b","HIP 8541","HIP 8541",2,155.12100000,2016,"Radial Velocity"
"GJ 674 b","GJ 674","HIP 85523",1,4.54896000,2007,"Radial Velocity"
"GJ 676 A b","GJ 676 A","HIP 85647",4,16.02720000,2010,"Radial Velocity"
"GJ 676 A c","GJ 676 A","HIP 85647",4,16.02720000,2016,"Radial Velocity"
"GJ 676 A d","GJ 676 A","HIP 85647",4,16.02720000,2012,"Radial Velocity"
"GJ 676 A e","GJ 676 A","HIP 85647",4,16.02720000,2012,"Radial Velocity"
"HD 159243 b","HD 159243","HIP 85911",2,73.30550000,2013,"Radial Velocity"
"HD 159243 c","HD 159243","HIP 85911",2,73.30550000,2013,"Radial Velocity"
"TOI-2145 b","TOI-2145","HIP 86040",1,224.73100000,2023,"Transit"
"GJ 680 b","GJ 680","HIP 86057",1,9.67315000,2022,"Radial Velocity"
"GJ 685 b","GJ 685","HIP 86087",1,14.31550000,2019,"Radial Velocity"
"GJ 687 b","GJ 687","HIP 86162",2,4.54939000,2014,"Radial Velocity"
"GJ 687 c","GJ 687","HIP 86162",2,4.54939000,2020,"Radial Velocity"
"GJ 682 b","GJ 682","HIP 86214",2,5.00671000,2014,"Radial Velocity"
"GJ 682 c","GJ 682","HIP 86214",2,5.00671000,2014,"Radial Velocity"
"HIP 86221 b","HIP 86221","HIP 86221",1,29.48980000,2021,"Radial Velocity"
"Gl 686 b","Gl 686","HIP 86287",1,8.15728000,2018,"Radial Velocity"
"HD 159868 b","HD 159868","HIP 86375",2,55.85030000,2006,"Radial Velocity"
"HD 159868 c","HD 159868","HIP 86375",2,55.85030000,2012,"Radial Velocity"
"psi1 Dra B b","psi1 Dra B","HIP 86620",1,22.71880000,2015,"Radial Velocity"
"HD 160691 b","HD 160691","HIP 86796",4,15.59810000,2000,"Radial Velocity"
"HD 160691 c","HD 160691","HIP 86796",4,15.59810000,2004,"Radial Velocity"
"HD 160691 d","HD 160691","HIP 86796",4,15.59810000,2004,"Radial Velocity"
"HD 160691 e","HD 160691","HIP 86796",4,15.59810000,2006,"Radial Velocity"
"HD 162020 b","HD 162020","HIP 87330",1,30.82480000,2002,"Radial Velocity"
"HD 163607 b","HD 163607","HIP 87601",2,67.78550000,2012,"Radial Velocity"
"HD 163607 c","HD 163607","HIP 87601",2,67.78550000,2012,"Radial Velocity"
"HD 11506 b","HD 11506","HIP 8770",3,51.26100000,2007,"Radial Velocity"
"HD 11506 c","HD 11506","HIP 8770",3,51.26100000,2008,"Radial Velocity"
"HD 11506 d","HD 11506","HIP 8770",3,51.26100000,2022,"Radial Velocity"
"Barnard b","Barnard's star","HIP 87937",4,1.82655000,2024,"Radial Velocity"
"Barnard c","Barnard's star","HIP 87937",4,1.82655000,2025,"Radial Velocity"
"Barnard d","Barnard's star","HIP 87937",4,1.82655000,2025,"Radial Velocity"
"Barnard e","Barnard's star","HIP 87937",4,1.82655000,2025,"Radial Velocity"
"nu Oph b","nu Oph","HIP 88048",2,46.21070000,2012,"Radial Velocity"
"nu Oph c","nu Oph","HIP 88048",2,46.21070000,2012,"Radial Velocity"
"HD 164595 b","HD 164595","HIP 88194",1,28.25400000,2015,"Radial Velocity"
"HD 164509 b","HD 164509","HIP 88268",1,53.11190000,2012,"Radial Velocity"
"HD 164922 b","HD 164922","HIP 88348",4,22.00160000,2005,"Radial Velocity"
"HD 164922 c","HD 164922","HIP 88348",4,22.00160000,2016,"Radial Velocity"
"HD 164922 d","HD 164922","HIP 88348",4,22.00160000,2020,"Radial Velocity"
"HD 164922 e","HD 164922","HIP 88348",4,22.00160000,2021,"Radial Velocity"
"HD 164604 b","HD 164604","HIP 88414",2,39.36330000,2009,"Radial Velocity"
"HD 164604 c","HD 164604","HIP 88414",2,39.36330000,2026,"Radial Velocity"
"HD 165131 b","HD 165131","HIP 88595",1,57.42630000,2023,"Radial Velocity"
"BD+63 1405 b","BD+63 1405","HIP 88617",1,38.04730000,2021,"Radial Velocity"
"HD 165155 b","HD 165155","HIP 88650",1,63.35740000,2016,"Radial Velocity"
"HD 167042 b","HD 167042","HIP 89047",1,49.66330000,2007,"Radial Velocity"
"HIP 8923 b","HIP 8923","HIP 8923",1,65.99570000,2026,"Radial Velocity"
"HD 11977 b","HD 11977","HIP 8928",1,67.93310000,2005,"Radial Velocity"
"HD 166724 b","HD 166724","HIP 89354",1,45.13420000,2012,"Radial Velocity"
"HD 168009 b","HD 168009","HIP 89474",1,23.30320000,2021,"Radial Velocity"
"HD 167677 b","HD 167677","HIP 89583",1,54.32580000,2023,"Radial Velocity"
"HD 168443 b","HD 168443","HIP 89844",2,39.62450000,1998,"Radial Velocity"
"HD 168443 c","HD 168443","HIP 89844",2,39.62450000,2000,"Radial Velocity"
"HD 168746 b","HD 168746","HIP 90004",1,41.56810000,2002,"Radial Velocity"
"HD 168863 b","HD 168863","HIP 90055",1,39.89790000,2022,"Radial Velocity"
"HD 169830 b","HD 169830","HIP 90485",2,37.60480000,2000,"Radial Velocity"
"HD 169830 c","HD 169830","HIP 90485",2,37.60480000,2003,"Radial Velocity"
"HD 170469 b","HD 170469","HIP 90593",1,60.17800000,2007,"Radial Velocity"
"HD 11964 b","HD 11964","HIP 9094",2,33.53690000,2005,"Radial Velocity"
"HD 11964 c","HD 11964","HIP 9094",2,33.53690000,2008,"Radial Velocity"
"BD-11 4672 b","BD-11 4672","HIP 90979",2,27.16650000,2014,"Radial Velocity"
"BD-11 4672 c","BD-11 4672","HIP 90979",2,27.16650000,2020,"Radial Velocity"
"HIP 90988 b","HIP 90988","HIP 90988",1,94.03490000,2021,"Radial Velocity"
"HD 171238 b","HD 171238","HIP 91085",1,44.81130000,2009,"Radial Velocity"
"GJ 720 A b","GJ 720 A","HIP 91128",1,15.55750000,2021,"Radial Velocity"
"HIP 91258 b","HIP 91258","HIP 91258",1,45.88460000,2013,"Radial Velocity"
"HD 238914 b","HD 238914","HIP 91388",1,519.45200000,2018,"Radial Velocity"
"GJ 724 b","GJ 724","HIP 91608",1,16.96580000,2023,"Radial Velocity"
"Gl 725 A b","Gl 725 A","HIP 91768",2,3.52140000,2025,"Radial Velocity"
"Gl 725 B c","Gl 725 B","HIP 91772",2,6.84235700,2026,"Radial Velocity"
"HD 173416 b","HD 173416","HIP 91852",1,132.18400000,2008,"Radial Velocity"
"TOI-4588 b","TOI-4588","HIP 92247",1,225.18100000,2026,"Transit"
"HD 11755 b","HD 11755","HIP 9242",1,235.04500000,2015,"Radial Velocity"
"PZ Tel b","PZ Tel","HIP 92680",1,47.06480000,2023,"Imaging"
"HD 175541 b","HD 175541","HIP 92895",1,129.60300000,2007,"Radial Velocity"
"GJ 740 b","GJ 740","HIP 93101",1,11.10170000,2021,"Radial Velocity"
"HD 175167 b","HD 175167","HIP 93281",1,71.08630000,2009,"Radial Velocity"
"HD 175607 b","HD 175607","HIP 93373",1,40.33030000,2015,"Radial Velocity"
"HD 176986 b","HD 176986","HIP 93540",3,27.78430000,2017,"Radial Velocity"
"HD 176986 c","HD 176986","HIP 93540",3,27.78430000,2017,"Radial Velocity"
"HD 176986 d","HD 176986","HIP 93540",3,27.78430000,2026,"Radial Velocity"
"HD 177830 b","HD 177830","HIP 93746",2,62.76740000,1999,"Radial Velocity"
"HD 177830 c","HD 177830","HIP 93746",2,62.76740000,2010,"Radial Velocity"
"HD 177565 b","HD 177565","HIP 93858",1,16.91790000,2017,"Radial Velocity"
"HD 178911 B b","HD 178911 B","HIP 94075",1,40.97270000,2001,"Radial Velocity"
"Kepler-21 b","Kepler-21","HIP 94112",1,108.52200000,2012,"Transit"
"HIP 94235 b","HIP 94235","HIP 94235",1,58.51460000,2022,"Transit"
"HD 179079 b","HD 179079","HIP 94256",1,69.71160000,2008,"Radial Velocity"
"HD 180053 b","HD 180053","HIP 94465",1,137.04300000,2018,"Radial Velocity"
"HD 180314 b","HD 180314","HIP 94576",1,122.36200000,2010,"Radial Velocity"
"HD 179949 b","HD 179949","HIP 94645",1,27.45730000,2000,"Radial Velocity"
"HD 180617 b","HD 180617","HIP 94761",1,5.91059000,2018,"Radial Velocity"
"HIP 948 b","HIP 948","HIP 948",1,34.85230000,2022,"Radial Velocity"
"Kepler-444 b","Kepler-444","HIP 94931",5,36.43960000,2015,"Transit"
"Kepler-444 c","Kepler-444","HIP 94931",5,36.43960000,2015,"Transit"
"Kepler-444 d","Kepler-444","HIP 94931",5,36.43960000,2015,"Transit"
"Kepler-444 e","Kepler-444","HIP 94931",5,36.43960000,2015,"Transit"
"Kepler-444 f","Kepler-444","HIP 94931",5,36.43960000,2015,"Transit"
"HD 180902 b","HD 180902","HIP 94951",1,104.57700000,2009,"Radial Velocity"
"HD 181234 b","HD 181234","HIP 95015",1,47.74580000,2019,"Radial Velocity"
"HD 181342 b","HD 181342","HIP 95124",1,120.39100000,2009,"Radial Velocity"
"HD 12484 b","HD 12484","HIP 9519",1,48.33670000,2016,"Radial Velocity"
"HD 181720 b","HD 181720","HIP 95262",1,60.20460000,2009,"Radial Velocity"
"HD 181433 b","HD 181433","HIP 95467",3,26.87620000,2008,"Radial Velocity"
"HD 181433 c","HD 181433","HIP 95467",3,26.87620000,2008,"Radial Velocity"
"HD 181433 d","HD 181433","HIP 95467",3,26.87620000,2008,"Radial Velocity"
"HD 183263 b","HD 183263","HIP 95740",2,54.19550000,2004,"Radial Velocity"
"HD 183263 c","HD 183263","HIP 95740",2,54.19550000,2008,"Radial Velocity"
"HD 231701 b","HD 231701","HIP 96078",1,108.87700000,2007,"Radial Velocity"
"HD 183579 b","HD 183579","HIP 96160",1,57.26510000,2021,"Transit"
"HIP 9618 b","HIP 9618","HIP 9618",2,67.54780000,2023,"Transit"
"HIP 9618 c","HIP 9618","HIP 9618",2,67.54780000,2023,"Transit"
"DMPP-4 b","DMPP-4","HIP 96258",1,25.32840000,2023,"Radial Velocity"
"HD 185269 b","HD 185269","HIP 96507",1,51.99170000,2006,"Radial Velocity"
"KELT-20 b","KELT-20","HIP 96618",1,136.42600000,2017,"Transit"
"HD 12661 b","HD 12661","HIP 9683",2,37.84780000,2000,"Radial Velocity"
"HD 12661 c","HD 12661","HIP 9683",2,37.84780000,2002,"Radial Velocity"
"HD 185283 b","HD 185283","HIP 96861",1,31.39500000,2023,"Radial Velocity"
"16 Cyg B b","16 Cyg B","HIP 96901",1,21.13970000,1996,"Radial Velocity"
"HIP 97166 b","HIP 97166","HIP 97166",2,65.95010000,2021,"Transit"
"HIP 97166 c","HIP 97166","HIP 97166",2,65.95010000,2021,"Radial Velocity"
"HIP 97233 b","HIP 97233","HIP 97233",1,102.27500000,2014,"Radial Velocity"
"HD 187123 b","HD 187123","HIP 97336",2,45.95480000,1998,"Radial Velocity"
"HD 187123 c","HD 187123","HIP 97336",2,45.95480000,2008,"Radial Velocity"
"HD 187085 b","HD 187085","HIP 97546",1,45.89930000,2006,"Radial Velocity"
"HAT-P-11 b","HAT-P-11","HIP 97657",2,37.76470000,2010,"Transit"
"HAT-P-11 c","HAT-P-11","HIP 97657",2,37.76470000,2018,"Radial Velocity"
"HD 188015 b","HD 188015","HIP 97769",1,50.67060000,2004,"Radial Velocity"
"xi Aql b","xi Aql","HIP 97938",1,56.18580000,2007,"Radial Velocity"
"HD 189733 b","HD 189733","HIP 98505",1,19.76380000,2005,"Radial Velocity"
"HIP 98599 b","HIP 98599","HIP 98599",1,75.94280000,2026,"Radial Velocity"
"HD 235088 b","HD 235088","HIP 98668",1,41.17060000,2023,"Transit"
"HD 190007 b","HD 190007","HIP 98698",1,12.71410000,2020,"Radial Velocity"
"HD 190228 b","HD 190228","HIP 98714",1,62.71460000,2022,"Radial Velocity"
"HD 190360 b","HD 190360","HIP 98767",3,16.00690000,2003,"Radial Velocity"
"HD 190360 c","HD 190360","HIP 98767",3,16.00690000,2005,"Radial Velocity"
"HD 190360 d","HD 190360","HIP 98767",3,16.00690000,2026,"Radial Velocity"
"alf Ari b","alf Ari","HIP 9884",1,20.21019000,2010,"Radial Velocity"
"HD 189567 b","HD 189567","HIP 98959",2,17.90550000,2021,"Radial Velocity"
"HD 189567 c","HD 189567","HIP 98959",2,17.90550000,2021,"Radial Velocity"
"HD 190647 b","HD 190647","HIP 99115",1,54.47380000,2007,"Radial Velocity"
"HD 191939 b","HD 191939","HIP 99175",6,53.60890000,2020,"Transit"
"HD 191939 c","HD 191939","HIP 99175",6,53.60890000,2020,"Transit"
"HD 191939 d","HD 191939","HIP 99175",6,53.60890000,2020,"Transit"
"HD 191939 e","HD 191939","HIP 99175",6,53.60890000,2022,"Radial Velocity"
"HD 191939 f","HD 191939","HIP 99175",6,53.60890000,2022,"Radial Velocity"
"HD 191939 g","HD 191939","HIP 99175",6,53.60890000,2022,"Radial Velocity"
"TOI-1054.01","TOI-1054","HIP 99212",1,88.43430000,2021,"Transit"
"HD 191806 b","HD 191806","HIP 99306",1,65.66680000,2016,"Radial Velocity"
"TOI-5789 b","TOI-5789","HIP 99452",4,20.45810000,2026,"Radial Velocity"
"TOI-5789 c","TOI-5789","HIP 99452",4,20.45810000,2026,"Transit"
"TOI-5789 d","TOI-5789","HIP 99452",4,20.45810000,2026,"Radial Velocity"
"TOI-5789 e","TOI-5789","HIP 99452",4,20.45810000,2026,"Radial Velocity"
"HD 190984 b","HD 190984","HIP 99496",1,148.18700000,2009,"Radial Velocity"
"HD 13167 b","HD 13167","HIP 9960",1,148.93400000,2018,"Radial Velocity"
"GJ 9689 b","GJ 9689","HIP 99699",1,30.62030000,2020,"Radial Velocity"
"HD 192263 b","HD 192263","HIP 99711",1,19.63590000,1999,"Radial Velocity"
"HIP 99770 b","HIP 99770","HIP 99770",1,40.07650000,2023,"Imaging"
"HD 192310 b","HD 192310","HIP 99825",2,8.79687000,2011,"Radial Velocity"
"HD 192310 c","HD 192310","HIP 99825",2,8.79687000,2011,"Radial Velocity"
"HD 192699 b","HD 192699","HIP 99894",1,71.86270000,2007,"Radial Velocity"
